{"__type__":"cc.JsonAsset","_name":"ProfitCircusS2","json":[{"inputs":[{"internalType":"contract IERC20","name":"_cws","type":"address"},{"internalType":"address","name":"_nftFactory","type":"address"}],"stateMutability":"nonpayable","type":"constructor"},{"anonymous":false,"inputs":[{"indexed":true,"internalType":"address","name":"stakingToken","type":"address"},{"indexed":true,"internalType":"address","name":"owner","type":"address"},{"indexed":false,"internalType":"uint256","name":"sessionId","type":"uint256"},{"indexed":false,"internalType":"uint256","name":"amount","type":"uint256"},{"indexed":false,"internalType":"uint256","name":"claimedTime","type":"uint256"}],"name":"Claimed","type":"event"},{"anonymous":false,"inputs":[{"indexed":true,"internalType":"address","name":"stakingToken","type":"address"},{"indexed":true,"internalType":"address","name":"owner","type":"address"},{"indexed":false,"internalType":"uint256","name":"sessionId","type":"uint256"},{"indexed":false,"internalType":"uint256","name":"amount","type":"uint256"},{"indexed":false,"internalType":"uint256","name":"startTime","type":"uint256"},{"indexed":false,"internalType":"uint256","name":"totalStaked","type":"uint256"}],"name":"Deposited","type":"event"},{"anonymous":false,"inputs":[{"indexed":true,"internalType":"address","name":"factoryAddress","type":"address"}],"name":"FactorySet","type":"event"},{"anonymous":false,"inputs":[{"indexed":true,"internalType":"address","name":"previousOwner","type":"address"},{"indexed":true,"internalType":"address","name":"newOwner","type":"address"}],"name":"OwnershipTransferred","type":"event"},{"anonymous":false,"inputs":[{"indexed":true,"internalType":"address","name":"stakingToken","type":"address"},{"indexed":false,"internalType":"uint256","name":"sessionIdd","type":"uint256"},{"indexed":false,"internalType":"uint256","name":"reward","type":"uint256"},{"indexed":false,"internalType":"uint256","name":"startTime","type":"uint256"},{"indexed":false,"internalType":"uint256","name":"endTime","type":"uint256"},{"indexed":false,"internalType":"uint256","name":"generation","type":"uint256"}],"name":"SessionStarted","type":"event"},{"anonymous":false,"inputs":[{"indexed":true,"internalType":"address","name":"stakingToken","type":"address"},{"indexed":true,"internalType":"address","name":"owner","type":"address"},{"indexed":false,"internalType":"uint256","name":"sessionId","type":"uint256"},{"indexed":false,"internalType":"uint256","name":"amount","type":"uint256"},{"indexed":false,"internalType":"uint256","name":"startTime","type":"uint256"},{"indexed":false,"internalType":"uint256","name":"totalStaked","type":"uint256"}],"name":"Withdrawn","type":"event"},{"inputs":[],"name":"CWS","outputs":[{"internalType":"contract IERC20","name":"","type":"address"}],"stateMutability":"view","type":"function","constant":true},{"inputs":[{"internalType":"uint256","name":"","type":"uint256"},{"internalType":"address","name":"","type":"address"}],"name":"balances","outputs":[{"internalType":"uint256","name":"amount","type":"uint256"},{"internalType":"uint256","name":"claimed","type":"uint256"},{"internalType":"uint256","name":"claimedTime","type":"uint256"},{"internalType":"bool","name":"minted","type":"bool"},{"internalType":"uint256","name":"claimedReward","type":"uint256"},{"internalType":"uint256","name":"unpaidReward","type":"uint256"},{"internalType":"uint256","name":"stakeTime","type":"uint256"}],"stateMutability":"view","type":"function","constant":true},{"inputs":[{"internalType":"uint256","name":"","type":"uint256"},{"internalType":"address","name":"","type":"address"}],"name":"depositTimes","outputs":[{"internalType":"uint256","name":"","type":"uint256"}],"stateMutability":"view","type":"function","constant":true},{"inputs":[{"internalType":"address","name":"","type":"address"}],"name":"lastSessionIds","outputs":[{"internalType":"uint256","name":"","type":"uint256"}],"stateMutability":"view","type":"function","constant":true},{"inputs":[],"name":"owner","outputs":[{"internalType":"address","name":"","type":"address"}],"stateMutability":"view","type":"function","constant":true},{"inputs":[],"name":"renounceOwnership","outputs":[],"stateMutability":"nonpayable","type":"function"},{"inputs":[{"internalType":"uint256","name":"","type":"uint256"}],"name":"sessions","outputs":[{"internalType":"address","name":"stakingToken","type":"address"},{"internalType":"uint256","name":"totalReward","type":"uint256"},{"internalType":"uint256","name":"period","type":"uint256"},{"internalType":"uint256","name":"startTime","type":"uint256"},{"internalType":"uint256","name":"generation","type":"uint256"},{"internalType":"uint256","name":"claimed","type":"uint256"},{"internalType":"uint256","name":"amount","type":"uint256"},{"internalType":"uint256","name":"rewardUnit","type":"uint256"},{"internalType":"uint256","name":"interestPerToken","type":"uint256"},{"internalType":"uint256","name":"claimedPerToken","type":"uint256"},{"internalType":"uint256","name":"lastInterestUpdate","type":"uint256"},{"internalType":"uint256","name":"stakeAmount","type":"uint256"},{"internalType":"uint256","name":"stakePeriod","type":"uint256"}],"stateMutability":"view","type":"function","constant":true},{"inputs":[{"internalType":"address","name":"newOwner","type":"address"}],"name":"transferOwnership","outputs":[],"stateMutability":"nonpayable","type":"function"},{"inputs":[{"internalType":"address","name":"_lpToken","type":"address"},{"internalType":"uint256","name":"_totalReward","type":"uint256"},{"internalType":"uint256","name":"_period","type":"uint256"},{"internalType":"uint256","name":"_startTime","type":"uint256"},{"internalType":"uint256","name":"_generation","type":"uint256"},{"internalType":"uint256","name":"_stakeAmount","type":"uint256"},{"internalType":"uint256","name":"_stakePeriod","type":"uint256"}],"name":"startSession","outputs":[],"stateMutability":"nonpayable","type":"function"},{"inputs":[{"internalType":"address","name":"_address","type":"address"}],"name":"setNftFactory","outputs":[],"stateMutability":"nonpayable","type":"function"},{"inputs":[{"internalType":"uint256","name":"_sessionId","type":"uint256"},{"internalType":"address","name":"_address","type":"address"}],"name":"payDebt","outputs":[],"stateMutability":"nonpayable","type":"function"},{"inputs":[{"internalType":"uint256","name":"_sessionId","type":"uint256"},{"internalType":"uint256","name":"_amount","type":"uint256"}],"name":"deposit","outputs":[],"stateMutability":"nonpayable","type":"function"},{"inputs":[{"internalType":"uint256","name":"_sessionId","type":"uint256"}],"name":"claim","outputs":[{"internalType":"bool","name":"","type":"bool"}],"stateMutability":"nonpayable","type":"function"},{"inputs":[{"internalType":"uint256","name":"_sessionId","type":"uint256"},{"internalType":"uint256","name":"_amount","type":"uint256"}],"name":"withdraw","outputs":[],"stateMutability":"nonpayable","type":"function"},{"inputs":[{"internalType":"uint256","name":"_sessionId","type":"uint256"}],"name":"claimNft","outputs":[],"stateMutability":"nonpayable","type":"function"},{"inputs":[{"internalType":"uint256","name":"_sessionId","type":"uint256"},{"internalType":"address","name":"_owner","type":"address"}],"name":"stakedBalanceOf","outputs":[{"internalType":"uint256","name":"","type":"uint256"}],"stateMutability":"view","type":"function","constant":true},{"inputs":[{"internalType":"uint256","name":"_sessionId","type":"uint256"},{"internalType":"address","name":"_owner","type":"address"}],"name":"earned","outputs":[{"internalType":"uint256","name":"","type":"uint256"}],"stateMutability":"view","type":"function","constant":true},{"inputs":[{"internalType":"uint256","name":"_sessionId","type":"uint256"},{"internalType":"address","name":"_owner","type":"address"}],"name":"claimable","outputs":[{"internalType":"uint256","name":"","type":"uint256"}],"stateMutability":"view","type":"function","constant":true},{"inputs":[{"internalType":"uint256","name":"_sessionId","type":"uint256"}],"name":"stakedBalance","outputs":[{"internalType":"uint256","name":"","type":"uint256"}],"stateMutability":"view","type":"function","constant":true},{"inputs":[{"internalType":"uint256","name":"_sessionId","type":"uint256"}],"name":"isNftClaimable","outputs":[{"internalType":"bool","name":"","type":"bool"}],"stateMutability":"view","type":"function","constant":true}]}