{"paths":{},"types":[],"uuids":["29FYIk+N1GYaeWH/q1NxQO","e97GVMl6JHh5Ml5qEDdSGa","f0BIwQ8D5Ml7nTNQbh1YlS","9bvaMerUlDyary99mJa6xp","04F47QTM5BZ7QlWF/G5lO/","1dfFEe9DlC6re6oVsadKrG","21LI2SMxlG264dpJrlXeLP","2eLpBccUhABrgcUU2KXNH7","56fc2Ai/RFNYpaMT8crweK","5b6Lv+k5pM16EZg7ytp/P9","5cO7kybDxGj4ipyMYdRYZB","5f5dyqtRNNxaFmVzYns6FZ","61cyPdEfRN047sDK9rO0W5","6b8UdH6SpNAqPIySy1olGc","71VhFCTINJM6/Ky3oX9nBT","9dYAAftfRHJqYpJlnj3tC4","9eQGikN2VCPaPjueSEskdF","b4P/PCArtIdIH38t6mlw8Y","c1agzg/ipOx7gBuhlcZHXp","c6a5Uiv71N66chFyp7WoXt","d608qFRoFHwbXd0Dap056i","d8HsitJHxOYqo801xBk8ev","e8Ueib+qJEhL6mXAHdnwbi","ef0Xt84VpIupEYRzx8JZPM","fc4PFiKQZLXbKjRiT4tX1Y","0cfJHlOTtDmbexNpMjzA6b","1aMvx28L1PZpgPVpKcDKCz","3bWwW9KMpK7LSRcuwe+2nS","6dwQKL711Ci6nraTiV0Vkz","797+Xv5xNKqr3OtlIDXZs5","7d3bnDKf1O0qgOmQkVOy6L","7faQS+n0ZJ95ut4rYVDPiZ","89szpxeAJNKIzBaQKPcyoc","a34Zn25X5Dn50+LOkIY1Y7","bbUXSQ7K1CmZCvOSuaKv/P","e7q6FL+VZEgLJUjVeDLic/","ecpdLyjvZBwrvm+cedCcQy"],"scenes":{"db://assets/scenes/game-one.fire":18,"db://assets/scenes/game-three.fire":24,"db://assets/scenes/game-two.fire":5,"db://assets/scenes/main.fire":9},"redirect":[36,0],"deps":["internal"],"packs":{"055e80d9c":[0,10,11,29,3,34,18,1,2],"06081fb08":[5,0,3,1,2],"0889261d2":[0,27,10,11,31,3,1,2,24],"089035637":[4,6,7,8,12,13,14,15,16,17,19,20,21,22,23],"0a73b0d6c":[25,26,0,9,28,30,32,33,35,1,2]},"name":"main","importBase":"import","nativeBase":"native","debug":false,"isZip":false,"encrypted":false,"versions":{"import":["055e80d9c","5bd29","06081fb08","84ed8","0889261d2","4c27b","089035637","8c1f0","0a73b0d6c","92ed1"],"native":[4,"c6fa3",6,"b878a",7,"ea946",8,"5f1d9",12,"6d707",13,"328d5",14,"c06a9",15,"e0234",16,"a4b95",17,"83fcc",19,"bf7ad",20,"d55c2",21,"cdbc9",22,"90cf4",23,"d0914"]}}