{"paths":{"0":["uni_v2_lp",0],"1":["NftRush",0],"2":["weth",0],"3":["NFTFactory",0],"4":["ProfitCircus",0],"5":["MovrProfitCircus",0],"6":["NftStaking",0],"7":["ProfitCircusOld",0],"8":["ERC20",0],"9":["ProfitCircusS2",0],"10":["SeascapeNFT",0]},"types":["cc.JsonAsset"],"uuids":["08EX6LkkxFYqFNeLZ649zr","1fRcAJqTJHXb6Kmb/dqjw7","25IfhTPLhKDb39A1KnawI0","63qNRWT3lPUJN5c3UlfyDH","98swan3kVPer+p5ObJblPf","bb4SX9B4RNQZOLsOJV5f8u","d1ZTBFf5dIOZZb6ByXbgXU","e6RGjGVXFMfpePuo048Yya","e8lVYEM3ZAoqTnhg8JhAqQ","f2qa1vR2dIypnT3SEgMUzo","fbqz5/5idGdYKmXe97aDlJ"],"scenes":{},"redirect":[],"deps":[],"packs":{},"name":"resources","importBase":"import","nativeBase":"native","debug":false,"isZip":false,"encrypted":false,"versions":{"import":[0,"86aed",1,"88d61",2,"75d96",3,"b025e",4,"47ff5",5,"c6feb",6,"436b9",7,"2594b",8,"e820d",9,"cfd4b",10,"5b059"],"native":[]}}