[{"__type__":"cc.SpriteFrame","content":{"name":"default_btn_disabled","texture":"71VhFCTINJM6/Ky3oX9nBT","rect":[0,0,40,40],"offset":[0,0],"originalSize":[40,40],"capInsets":[12,12,12,12]}},{"__type__":"cc.SpriteFrame","content":{"name":"default_scrollbar_vertical","texture":"d608qFRoFHwbXd0Dap056i","rect":[0,0,15,30],"offset":[0,0],"originalSize":[15,30],"capInsets":[4,10,4,10]}},{"__type__":"cc.SpriteFrame","content":{"name":"default_scrollbar_vertical_bg","texture":"61cyPdEfRN047sDK9rO0W5","rect":[0,0,15,30],"offset":[0,0],"originalSize":[15,30],"capInsets":[4,10,4,10]}},[{"__type__":"cc.Prefab","_name":"profit-circus-season","data":{"__id__":1}},{"__type__":"cc.Node","_name":"profit-circus-season 1","_children":[{"__id__":2},{"__id__":3},{"__id__":5},{"__id__":6},{"__id__":7},{"__id__":9},{"__id__":12}],"_components":[{"__type__":"cc.Widget","node":{"__id__":1},"_alignFlags":40},{"__type__":"0c67eeDeuNCrYURpguviuko","node":{"__id__":1},"seasonId":{"__id__":4},"contractAbi":"ProfitCircusOld","movrContractAbi":"MovrProfitCircus","claimNftButton":{"__id__":11},"withdraw":{"__id__":8},"withdrawButton":{"__id__":14},"ethContractAddress":"0xbcf39f0edda668c58371e519af37ca705f2bfcbd","bscContractAddress":"0x82b6ed562f202E76A5bDBB209e077f4a96bD5605","movrContractAddress":"0x805C8922b408234f5208779053D06D7E8A8d74BC","ethSessionId":0,"bscSessionId":0,"movrSessionId":3}],"_prefab":{"__type__":"cc.PrefabInfo","root":{"__id__":1},"asset":{"__uuid__":"797+Xv5xNKqr3OtlIDXZs5"},"fileId":"2eyX4MZjJNRJ05P5tymhDS"},"_contentSize":{"__type__":"cc.Size","width":940,"height":200},"_anchorPoint":{"__type__":"cc.Vec2","y":0.5},"_trs":{"__type__":"TypedArray","ctor":"Float64Array","array":[0,-100,0,0,0,0,1,1,1,1]}},{"__type__":"cc.Node","_name":"Init Title","_parent":{"__id__":1},"_components":[{"__type__":"cc.Label","node":{"__id__":2},"_materials":[{"__uuid__":"ecpdLyjvZBwrvm+cedCcQy"}],"_useOriginalSize":false,"_string":"Season:","_N$string":"Season:","_fontSize":35,"_lineHeight":50,"_N$horizontalAlign":2,"_N$verticalAlign":1},{"__type__":"cc.Widget","node":{"__id__":2},"_alignFlags":1,"_left":490}],"_prefab":{"__type__":"cc.PrefabInfo","root":{"__id__":1},"asset":{"__uuid__":"797+Xv5xNKqr3OtlIDXZs5"},"fileId":"4b+1hsJRdHPot+FrrV6s8b"},"_contentSize":{"__type__":"cc.Size","width":128.43,"height":63},"_anchorPoint":{"__type__":"cc.Vec2","x":1,"y":0.5},"_trs":{"__type__":"TypedArray","ctor":"Float64Array","array":[490,68.5,0,0,0,0,1,1,1,1]}},{"__type__":"cc.Node","_name":"Season Id","_parent":{"__id__":1},"_components":[{"__id__":4},{"__type__":"cc.Widget","node":{"__id__":3},"_alignFlags":1,"_left":490}],"_prefab":{"__type__":"cc.PrefabInfo","root":{"__id__":1},"asset":{"__uuid__":"797+Xv5xNKqr3OtlIDXZs5"},"fileId":"e88dqKIyJN8amNsSavpPwK"},"_contentSize":{"__type__":"cc.Size","width":19.47,"height":63},"_anchorPoint":{"__type__":"cc.Vec2","y":0.5},"_trs":{"__type__":"TypedArray","ctor":"Float64Array","array":[509.199,68.5,0,0,0,0,1,1,1,1]}},{"__type__":"cc.Label","node":{"__id__":3},"_materials":[{"__uuid__":"ecpdLyjvZBwrvm+cedCcQy"}],"_useOriginalSize":false,"_string":"1","_N$string":"1","_fontSize":35,"_lineHeight":50,"_N$verticalAlign":1},{"__type__":"cc.Node","_name":"Delimeter","_parent":{"__id__":1},"_components":[{"__type__":"cc.Sprite","node":{"__id__":5},"_materials":[{"__uuid__":"ecpdLyjvZBwrvm+cedCcQy"}],"_spriteFrame":{"__uuid__":"9bvaMerUlDyary99mJa6xp"},"_type":1,"_sizeMode":0},{"__type__":"cc.Layout","node":{"__id__":5},"_layoutSize":{"__type__":"cc.Size","width":910,"height":2}},{"__type__":"cc.Widget","node":{"__id__":5},"_alignFlags":44,"_left":10,"_right":20,"_bottom":22.396,"_originalWidth":200}],"_prefab":{"__type__":"cc.PrefabInfo","root":{"__id__":1},"asset":{"__uuid__":"797+Xv5xNKqr3OtlIDXZs5"},"fileId":"01/T4H+9NLeKnnp63qyvdy"},"_contentSize":{"__type__":"cc.Size","width":910,"height":2},"_trs":{"__type__":"TypedArray","ctor":"Float64Array","array":[465,-76.604,0,0,0,0,1,1,1,1]}},{"__type__":"cc.Node","_name":"Withdraw Label","_parent":{"__id__":1},"_components":[{"__type__":"cc.Label","node":{"__id__":6},"_materials":[{"__uuid__":"ecpdLyjvZBwrvm+cedCcQy"}],"_srcBlendFactor":1,"_useOriginalSize":false,"_string":"Staked:","_N$string":"Staked:","_fontSize":17.5,"_lineHeight":20,"_N$verticalAlign":1}],"_prefab":{"__type__":"cc.PrefabInfo","root":{"__id__":1},"asset":{"__uuid__":"797+Xv5xNKqr3OtlIDXZs5"},"fileId":"49R1BKUK9GjLMIqeqqWq8+"},"_contentSize":{"__type__":"cc.Size","width":59.34,"height":25.2},"_anchorPoint":{"__type__":"cc.Vec2","y":0.5},"_trs":{"__type__":"TypedArray","ctor":"Float64Array","array":[17.61,27.998,0,0,0,0,1,1,1,1]}},{"__type__":"cc.Node","_name":"Withdraw Amount","_parent":{"__id__":1},"_components":[{"__id__":8}],"_prefab":{"__type__":"cc.PrefabInfo","root":{"__id__":1},"asset":{"__uuid__":"797+Xv5xNKqr3OtlIDXZs5"},"fileId":"90j0VwTk1GJa14cNZ8mIXL"},"_contentSize":{"__type__":"cc.Size","width":19.47,"height":25.2},"_anchorPoint":{"__type__":"cc.Vec2","y":0.5},"_trs":{"__type__":"TypedArray","ctor":"Float64Array","array":[108.346,28.914,0,0,0,0,1,1,1,1]}},{"__type__":"cc.Label","node":{"__id__":7},"_materials":[{"__uuid__":"ecpdLyjvZBwrvm+cedCcQy"}],"_srcBlendFactor":1,"_useOriginalSize":false,"_string":"00","_N$string":"00","_fontSize":17.5,"_lineHeight":20,"_N$verticalAlign":1},{"__type__":"cc.Node","_name":"Claim NFT","_parent":{"__id__":1},"_children":[{"__id__":10}],"_components":[{"__type__":"cc.Sprite","node":{"__id__":9},"_materials":[{"__uuid__":"ecpdLyjvZBwrvm+cedCcQy"}],"_spriteFrame":{"__uuid__":"f0BIwQ8D5Ml7nTNQbh1YlS"},"_type":1,"_sizeMode":0},{"__id__":11}],"_prefab":{"__type__":"cc.PrefabInfo","root":{"__id__":1},"asset":{"__uuid__":"797+Xv5xNKqr3OtlIDXZs5"},"fileId":"42VoTlHy1NCL2yruhTgbpg"},"_color":{"__type__":"cc.Color","r":92,"g":108,"b":125},"_contentSize":{"__type__":"cc.Size","width":300,"height":50},"_anchorPoint":{"__type__":"cc.Vec2","y":0.5},"_trs":{"__type__":"TypedArray","ctor":"Float64Array","array":[609.11,-20.311,0,0,0,0,1,1,1,1]}},{"__type__":"cc.Node","_name":"Label","_parent":{"__id__":9},"_components":[{"__type__":"cc.Label","node":{"__id__":10},"_materials":[{"__uuid__":"ecpdLyjvZBwrvm+cedCcQy"}],"_srcBlendFactor":1,"_useOriginalSize":false,"_string":"Claim NFT","_N$string":"Claim NFT","_fontSize":20,"_enableWrapText":false,"_N$horizontalAlign":1,"_N$verticalAlign":1,"_N$overflow":1}],"_prefab":{"__type__":"cc.PrefabInfo","root":{"__id__":1},"asset":{"__uuid__":"797+Xv5xNKqr3OtlIDXZs5"},"fileId":"f9xveXdnlJH742CZc3thry"},"_contentSize":{"__type__":"cc.Size","width":300,"height":50},"_trs":{"__type__":"TypedArray","ctor":"Float64Array","array":[151,0,0,0,0,0,1,1,1,1]}},{"__type__":"cc.Button","node":{"__id__":9},"_N$transition":2,"transition":2,"_N$pressedColor":{"__type__":"cc.Color","r":255,"g":255,"b":255},"pressedColor":{"__type__":"cc.Color","r":255,"g":255,"b":255},"_N$disabledColor":{"__type__":"cc.Color","r":255,"g":255,"b":255},"_N$normalSprite":{"__uuid__":"f0BIwQ8D5Ml7nTNQbh1YlS"},"_N$pressedSprite":{"__uuid__":"e97GVMl6JHh5Ml5qEDdSGa"},"pressedSprite":{"__uuid__":"e97GVMl6JHh5Ml5qEDdSGa"},"_N$hoverSprite":{"__uuid__":"f0BIwQ8D5Ml7nTNQbh1YlS"},"hoverSprite":{"__uuid__":"f0BIwQ8D5Ml7nTNQbh1YlS"},"_N$disabledSprite":{"__uuid__":"29FYIk+N1GYaeWH/q1NxQO"},"_N$target":{"__id__":9}},{"__type__":"cc.Node","_name":"Withdraw","_parent":{"__id__":1},"_children":[{"__id__":13}],"_components":[{"__type__":"cc.Sprite","node":{"__id__":12},"_materials":[{"__uuid__":"ecpdLyjvZBwrvm+cedCcQy"}],"_spriteFrame":{"__uuid__":"f0BIwQ8D5Ml7nTNQbh1YlS"},"_type":1,"_sizeMode":0},{"__id__":14}],"_prefab":{"__type__":"cc.PrefabInfo","root":{"__id__":1},"asset":{"__uuid__":"797+Xv5xNKqr3OtlIDXZs5"},"fileId":"002T3SAgBFSb15QudR0AVL"},"_color":{"__type__":"cc.Color","r":92,"g":108,"b":125},"_contentSize":{"__type__":"cc.Size","width":300,"height":50},"_anchorPoint":{"__type__":"cc.Vec2","y":0.5},"_trs":{"__type__":"TypedArray","ctor":"Float64Array","array":[15.262,-18.932,0,0,0,0,1,1,1,1]}},{"__type__":"cc.Node","_name":"Label","_parent":{"__id__":12},"_components":[{"__type__":"cc.Label","node":{"__id__":13},"_materials":[{"__uuid__":"ecpdLyjvZBwrvm+cedCcQy"}],"_srcBlendFactor":1,"_useOriginalSize":false,"_string":"Withdraw All","_N$string":"Withdraw All","_fontSize":20,"_enableWrapText":false,"_N$horizontalAlign":1,"_N$verticalAlign":1,"_N$overflow":1}],"_prefab":{"__type__":"cc.PrefabInfo","root":{"__id__":1},"asset":{"__uuid__":"797+Xv5xNKqr3OtlIDXZs5"},"fileId":"21xqGqTrhEX6RGa1qnKVIQ"},"_contentSize":{"__type__":"cc.Size","width":300,"height":50},"_trs":{"__type__":"TypedArray","ctor":"Float64Array","array":[149,0,0,0,0,0,1,1,1,1]}},{"__type__":"cc.Button","node":{"__id__":12},"_N$transition":2,"transition":2,"_N$pressedColor":{"__type__":"cc.Color","r":255,"g":255,"b":255},"pressedColor":{"__type__":"cc.Color","r":255,"g":255,"b":255},"_N$disabledColor":{"__type__":"cc.Color","r":255,"g":255,"b":255},"_N$normalSprite":{"__uuid__":"f0BIwQ8D5Ml7nTNQbh1YlS"},"_N$pressedSprite":{"__uuid__":"e97GVMl6JHh5Ml5qEDdSGa"},"pressedSprite":{"__uuid__":"e97GVMl6JHh5Ml5qEDdSGa"},"_N$hoverSprite":{"__uuid__":"f0BIwQ8D5Ml7nTNQbh1YlS"},"hoverSprite":{"__uuid__":"f0BIwQ8D5Ml7nTNQbh1YlS"},"_N$disabledSprite":{"__uuid__":"29FYIk+N1GYaeWH/q1NxQO"},"_N$target":{"__id__":12}}],{"__type__":"cc.SpriteFrame","content":{"name":"default_panel","texture":"d8HsitJHxOYqo801xBk8ev","rect":[0,0,20,20],"offset":[0,0],"originalSize":[20,20],"capInsets":[6,6,6,6]}},{"__type__":"cc.SpriteFrame","content":{"name":"game_background_4","texture":"21LI2SMxlG264dpJrlXeLP","rect":[0,0,1920,1080],"offset":[0,0],"originalSize":[1920,1080],"capInsets":[0,0,0,0]}},[{"__type__":"cc.SceneAsset","_name":"game-one","scene":{"__id__":1},"asyncLoadAssets":null},{"__type__":"cc.Scene","_name":"New Node","_children":[{"__id__":2}],"_anchorPoint":{"__type__":"cc.Vec2"},"_trs":{"__type__":"TypedArray","ctor":"Float64Array","array":[0,0,0,0,0,0,1,1,1,1]},"autoReleaseAssets":false},{"__type__":"cc.Node","_name":"Canvas","_parent":{"__id__":1},"_children":[{"__id__":3},{"__id__":4},{"__id__":5},{"__id__":6},{"__id__":9},{"__id__":11}],"_components":[{"__type__":"cc.Canvas","node":{"__id__":2},"_designResolution":{"__type__":"cc.Size","width":960,"height":800},"_fitWidth":true},{"__type__":"8b39edmazlHiI4m2TLXmVmj","node":{"__id__":2},"_enabled":false,"networkId":1330,"networkName":"development","stakingAddress":"0xa4E84979c95cD4f12C53E73d63E0A8634A1f44Ae","lpTokenAddress":"0x50aF0922d65D04D87d810048Dc640E2474eBfbd9","crownsAddress":"0x055cBfeD6df4AFE2452b18fd3D2592D1795592b4","nftAddress":"0x774442713f32fa98bf27bEc78c96fb7186f7C223","factoryAddress":"0x5E0A87862f9175493Cc1d02199ad18Eff87Eb400","wethAddress":"0xc778417E063141139Fce010982780140Aa0cD5Ab"},{"__type__":"cd9fdEBvERAApDqtxrijrqJ","node":{"__id__":2}},{"__type__":"cc.Widget","node":{"__id__":2},"_alignFlags":45}],"_contentSize":{"__type__":"cc.Size","width":960,"height":800},"_trs":{"__type__":"TypedArray","ctor":"Float64Array","array":[480,400,0,0,0,0,1,1,1,1]},"_id":"a1gWOW+XpHeKh04IcHe8/n"},{"__type__":"cc.Node","_name":"Main Camera","_parent":{"__id__":2},"_components":[{"__type__":"cc.Camera","node":{"__id__":3},"_clearFlags":7,"_depth":-1}],"_trs":{"__type__":"TypedArray","ctor":"Float64Array","array":[0,0,514.7844443151781,0,0,0,1,1,1,1]}},{"__type__":"cc.Node","_name":"Layout","_parent":{"__id__":2},"_components":[{"__type__":"cc.Sprite","node":{"__id__":4},"_materials":[{"__uuid__":"ecpdLyjvZBwrvm+cedCcQy"}],"_spriteFrame":{"__uuid__":"bbUXSQ7K1CmZCvOSuaKv/P"},"_type":1,"_sizeMode":0},{"__type__":"cc.Layout","node":{"__id__":4},"_layoutSize":{"__type__":"cc.Size","width":960,"height":800}},{"__type__":"cc.Widget","node":{"__id__":4},"_alignFlags":45,"_originalWidth":960,"_originalHeight":640}],"_contentSize":{"__type__":"cc.Size","width":960,"height":800},"_trs":{"__type__":"TypedArray","ctor":"Float64Array","array":[0,0,0,0,0,0,1,1,1,1]}},{"__type__":"cc.Node","_name":"Title","_parent":{"__id__":2},"_components":[{"__type__":"cc.Label","node":{"__id__":5},"_materials":[{"__uuid__":"ecpdLyjvZBwrvm+cedCcQy"}],"_srcBlendFactor":1,"_useOriginalSize":false,"_string":"Profit Circus","_N$string":"Profit Circus","_N$verticalAlign":1}],"_contentSize":{"__type__":"cc.Size","width":217.81,"height":50.4},"_anchorPoint":{"__type__":"cc.Vec2","y":0.5},"_trs":{"__type__":"TypedArray","ctor":"Float64Array","array":[-456,374.369,0,0,0,0,1,1,1,1]}},{"__type__":"cc.Node","_name":"back","_parent":{"__id__":2},"_children":[{"__id__":7}],"_components":[{"__type__":"cc.Button","node":{"__id__":6},"zoomScale":0.95,"clickEvents":[{"__type__":"cc.ClickEvent","target":{"__id__":2},"_componentId":"cd9fdEBvERAApDqtxrijrqJ","handler":"ClickBack"}],"_N$transition":3,"transition":3,"_N$normalColor":{"__type__":"cc.Color","r":230,"g":230,"b":230},"_N$pressedColor":{"__type__":"cc.Color","r":200,"g":200,"b":200},"pressedColor":{"__type__":"cc.Color","r":200,"g":200,"b":200},"_N$disabledColor":{"__type__":"cc.Color","r":120,"g":120,"b":120,"a":200},"_N$normalSprite":{"__uuid__":"f0BIwQ8D5Ml7nTNQbh1YlS"},"_N$pressedSprite":{"__uuid__":"e97GVMl6JHh5Ml5qEDdSGa"},"pressedSprite":{"__uuid__":"e97GVMl6JHh5Ml5qEDdSGa"},"_N$hoverSprite":{"__uuid__":"f0BIwQ8D5Ml7nTNQbh1YlS"},"hoverSprite":{"__uuid__":"f0BIwQ8D5Ml7nTNQbh1YlS"},"_N$disabledSprite":{"__uuid__":"29FYIk+N1GYaeWH/q1NxQO"},"_N$target":{"__id__":7}}],"_contentSize":{"__type__":"cc.Size","width":100,"height":40},"_trs":{"__type__":"TypedArray","ctor":"Float64Array","array":[419.077,366.334,0,0,0,0,1,1,1,1]}},{"__type__":"cc.Node","_name":"Background","_objFlags":512,"_parent":{"__id__":6},"_children":[{"__id__":8}],"_components":[{"__type__":"cc.Sprite","node":{"__id__":7},"_materials":[{"__uuid__":"ecpdLyjvZBwrvm+cedCcQy"}],"_spriteFrame":{"__uuid__":"f0BIwQ8D5Ml7nTNQbh1YlS"},"_type":1,"_sizeMode":0},{"__type__":"cc.Widget","node":{"__id__":7},"alignMode":0,"_alignFlags":45,"_originalWidth":100,"_originalHeight":40}],"_contentSize":{"__type__":"cc.Size","width":100,"height":40},"_trs":{"__type__":"TypedArray","ctor":"Float64Array","array":[0,0,0,0,0,0,1,1,1,0]}},{"__type__":"cc.Node","_name":"Label","_objFlags":512,"_parent":{"__id__":7},"_components":[{"__type__":"cc.Label","node":{"__id__":8},"_materials":[{"__uuid__":"ecpdLyjvZBwrvm+cedCcQy"}],"_useOriginalSize":false,"_string":"← back","_N$string":"← back","_fontSize":20,"_enableWrapText":false,"_N$horizontalAlign":1,"_N$verticalAlign":1,"_N$overflow":1,"_N$cacheMode":1}],"_color":{"__type__":"cc.Color"},"_contentSize":{"__type__":"cc.Size","width":100,"height":40},"_trs":{"__type__":"TypedArray","ctor":"Float64Array","array":[0,0,0,0,0,0,1,1,1,1]}},{"__type__":"cc.Node","_name":"Wait","_parent":{"__id__":2},"_children":[{"__id__":10}],"_active":false,"_components":[{"__type__":"cc.Sprite","node":{"__id__":9},"_spriteFrame":{"__uuid__":"9bvaMerUlDyary99mJa6xp"},"_type":1,"_sizeMode":0},{"__type__":"cc.Layout","node":{"__id__":9},"_layoutSize":{"__type__":"cc.Size","width":950,"height":630}},{"__type__":"cc.Widget","node":{"__id__":9},"_alignFlags":45,"_left":5,"_right":5,"_top":5,"_bottom":5,"_originalWidth":200,"_originalHeight":150}],"_opacity":138,"_color":{"__type__":"cc.Color","r":39,"g":31,"b":31},"_contentSize":{"__type__":"cc.Size","width":950,"height":630},"_trs":{"__type__":"TypedArray","ctor":"Float64Array","array":[0,0,0,0,0,0,1,1,1,1]}},{"__type__":"cc.Node","_name":"Please wait...","_parent":{"__id__":9},"_components":[{"__type__":"cc.Label","node":{"__id__":10},"_useOriginalSize":false,"_string":"Please wait...","_N$string":"Please wait...","_N$horizontalAlign":1,"_N$verticalAlign":1}],"_contentSize":{"__type__":"cc.Size","width":237.89,"height":40},"_trs":{"__type__":"TypedArray","ctor":"Float64Array","array":[0,0,0,0,0,0,1,1,1,1]}},{"__type__":"cc.Node","_name":"Seasons","_parent":{"__id__":2},"_children":[{"__id__":12},{"__id__":18}],"_components":[{"__type__":"cc.Sprite","node":{"__id__":11},"_materials":[{"__uuid__":"ecpdLyjvZBwrvm+cedCcQy"}],"_spriteFrame":{"__uuid__":"9bvaMerUlDyary99mJa6xp"},"_type":1,"_sizeMode":0},{"__id__":16},{"__type__":"cc.Widget","node":{"__id__":11},"_alignFlags":45,"_left":10,"_right":10,"_top":65,"_bottom":5,"_originalWidth":240,"_originalHeight":250}],"_color":{"__type__":"cc.Color","r":56,"g":49,"b":49},"_contentSize":{"__type__":"cc.Size","width":940,"height":730},"_trs":{"__type__":"TypedArray","ctor":"Float64Array","array":[0,-30,0,0,0,0,1,1,1,1]}},{"__type__":"cc.Node","_name":"scrollBar","_objFlags":512,"_parent":{"__id__":11},"_children":[{"__id__":13}],"_components":[{"__id__":15},{"__type__":"cc.Widget","node":{"__id__":12},"alignMode":0,"_alignFlags":37,"_left":350.07654921020657,"_originalHeight":237},{"__type__":"cc.Sprite","node":{"__id__":12},"_materials":[{"__uuid__":"ecpdLyjvZBwrvm+cedCcQy"}],"_spriteFrame":{"__uuid__":"5f5dyqtRNNxaFmVzYns6FZ"},"_type":1,"_sizeMode":0}],"_contentSize":{"__type__":"cc.Size","width":12,"height":730},"_anchorPoint":{"__type__":"cc.Vec2","x":1,"y":0.5},"_trs":{"__type__":"TypedArray","ctor":"Float64Array","array":[470,0,0,0,0,0,1,1,1,1]}},{"__type__":"cc.Node","_name":"bar","_objFlags":512,"_parent":{"__id__":12},"_components":[{"__id__":14}],"_contentSize":{"__type__":"cc.Size","width":10,"height":30},"_anchorPoint":{"__type__":"cc.Vec2","x":1},"_trs":{"__type__":"TypedArray","ctor":"Float64Array","array":[-1,0,0,0,0,0,1,1,1,1]}},{"__type__":"cc.Sprite","node":{"__id__":13},"_materials":[{"__uuid__":"ecpdLyjvZBwrvm+cedCcQy"}],"_spriteFrame":{"__uuid__":"5cO7kybDxGj4ipyMYdRYZB"},"_type":1,"_sizeMode":0},{"__type__":"cc.Scrollbar","node":{"__id__":12},"_scrollView":{"__id__":16},"_N$handle":{"__id__":14},"_N$direction":1},{"__type__":"cc.ScrollView","node":{"__id__":11},"horizontal":false,"brake":0.75,"bounceDuration":0.23,"_N$content":{"__id__":17},"content":{"__id__":17},"_N$horizontalScrollBar":null,"_N$verticalScrollBar":{"__id__":15}},{"__type__":"cc.Node","_name":"content","_objFlags":512,"_parent":{"__id__":18},"_children":[{"__id__":19},{"__id__":33},{"__id__":47}],"_components":[{"__type__":"cc.Layout","node":{"__id__":17},"_layoutSize":{"__type__":"cc.Size","width":940,"height":600},"_resize":1,"_N$layoutType":2}],"_contentSize":{"__type__":"cc.Size","width":940,"height":600},"_anchorPoint":{"__type__":"cc.Vec2","y":1},"_trs":{"__type__":"TypedArray","ctor":"Float64Array","array":[0,365,0,0,0,0,1,1,1,1]}},{"__type__":"cc.Node","_name":"view","_objFlags":512,"_parent":{"__id__":11},"_children":[{"__id__":17}],"_components":[{"__type__":"cc.Mask","node":{"__id__":18},"_materials":[{"__uuid__":"ecpdLyjvZBwrvm+cedCcQy"}],"_N$alphaThreshold":0},{"__type__":"cc.Widget","node":{"__id__":18},"_alignFlags":45,"_originalWidth":240,"_originalHeight":250}],"_contentSize":{"__type__":"cc.Size","width":940,"height":730},"_anchorPoint":{"__type__":"cc.Vec2","y":0.5},"_trs":{"__type__":"TypedArray","ctor":"Float64Array","array":[-470,0,0,0,0,0,1,1,1,1]}},{"__type__":"cc.Node","_name":"1","_parent":{"__id__":17},"_children":[{"__id__":20},{"__id__":21},{"__id__":23},{"__id__":24},{"__id__":25},{"__id__":27},{"__id__":30}],"_components":[{"__type__":"cc.Widget","node":{"__id__":19},"_alignFlags":40},{"__type__":"0c67eeDeuNCrYURpguviuko","node":{"__id__":19},"seasonId":{"__id__":22},"contractAbi":"ProfitCircusOld","movrContractAbi":"MovrProfitCircus","newContractAbi":"ProfitCircus","claimNftButton":{"__id__":29},"withdraw":{"__id__":26},"withdrawButton":{"__id__":32},"ethContractAddress":"0x82b6ed562f202E76A5bDBB209e077f4a96bD5605","bscContractAddress":"0x82b6ed562f202E76A5bDBB209e077f4a96bD5605","movrContractAddress":"0x805C8922b408234f5208779053D06D7E8A8d74BC","bscSessionId":4,"movrSessionId":3}],"_prefab":{"__type__":"cc.PrefabInfo","root":{"__id__":19},"asset":{"__uuid__":"797+Xv5xNKqr3OtlIDXZs5"},"fileId":"2eyX4MZjJNRJ05P5tymhDS"},"_contentSize":{"__type__":"cc.Size","width":940,"height":200},"_anchorPoint":{"__type__":"cc.Vec2","y":0.5},"_trs":{"__type__":"TypedArray","ctor":"Float64Array","array":[0,-100,0,0,0,0,1,1,1,1]}},{"__type__":"cc.Node","_name":"Init Title","_parent":{"__id__":19},"_components":[{"__type__":"cc.Label","node":{"__id__":20},"_materials":[{"__uuid__":"ecpdLyjvZBwrvm+cedCcQy"}],"_useOriginalSize":false,"_string":"Season:","_N$string":"Season:","_fontSize":35,"_lineHeight":50,"_N$horizontalAlign":2,"_N$verticalAlign":1},{"__type__":"cc.Widget","node":{"__id__":20},"_alignFlags":1,"_left":490}],"_prefab":{"__type__":"cc.PrefabInfo","root":{"__id__":19},"asset":{"__uuid__":"797+Xv5xNKqr3OtlIDXZs5"},"fileId":"4b+1hsJRdHPot+FrrV6s8b"},"_contentSize":{"__type__":"cc.Size","width":128.43,"height":63},"_anchorPoint":{"__type__":"cc.Vec2","x":1,"y":0.5},"_trs":{"__type__":"TypedArray","ctor":"Float64Array","array":[490,68.5,0,0,0,0,1,1,1,1]}},{"__type__":"cc.Node","_name":"Season Id","_parent":{"__id__":19},"_components":[{"__id__":22},{"__type__":"cc.Widget","node":{"__id__":21},"_alignFlags":1,"_left":490}],"_prefab":{"__type__":"cc.PrefabInfo","root":{"__id__":19},"asset":{"__uuid__":"797+Xv5xNKqr3OtlIDXZs5"},"fileId":"e88dqKIyJN8amNsSavpPwK"},"_contentSize":{"__type__":"cc.Size","width":19.47,"height":63},"_anchorPoint":{"__type__":"cc.Vec2","y":0.5},"_trs":{"__type__":"TypedArray","ctor":"Float64Array","array":[509.199,68.5,0,0,0,0,1,1,1,1]}},{"__type__":"cc.Label","node":{"__id__":21},"_materials":[{"__uuid__":"ecpdLyjvZBwrvm+cedCcQy"}],"_useOriginalSize":false,"_string":"1","_N$string":"1","_fontSize":35,"_lineHeight":50,"_N$verticalAlign":1},{"__type__":"cc.Node","_name":"Delimeter","_parent":{"__id__":19},"_components":[{"__type__":"cc.Sprite","node":{"__id__":23},"_materials":[{"__uuid__":"ecpdLyjvZBwrvm+cedCcQy"}],"_spriteFrame":{"__uuid__":"9bvaMerUlDyary99mJa6xp"},"_type":1,"_sizeMode":0},{"__type__":"cc.Layout","node":{"__id__":23},"_layoutSize":{"__type__":"cc.Size","width":910,"height":2}},{"__type__":"cc.Widget","node":{"__id__":23},"_alignFlags":44,"_left":10,"_right":20,"_bottom":22.396,"_originalWidth":200}],"_prefab":{"__type__":"cc.PrefabInfo","root":{"__id__":19},"asset":{"__uuid__":"797+Xv5xNKqr3OtlIDXZs5"},"fileId":"01/T4H+9NLeKnnp63qyvdy"},"_contentSize":{"__type__":"cc.Size","width":910,"height":2},"_trs":{"__type__":"TypedArray","ctor":"Float64Array","array":[465,-76.604,0,0,0,0,1,1,1,1]}},{"__type__":"cc.Node","_name":"Withdraw Label","_parent":{"__id__":19},"_components":[{"__type__":"cc.Label","node":{"__id__":24},"_materials":[{"__uuid__":"ecpdLyjvZBwrvm+cedCcQy"}],"_srcBlendFactor":1,"_useOriginalSize":false,"_string":"Staked:","_N$string":"Staked:","_fontSize":17.5,"_lineHeight":20,"_N$verticalAlign":1}],"_prefab":{"__type__":"cc.PrefabInfo","root":{"__id__":19},"asset":{"__uuid__":"797+Xv5xNKqr3OtlIDXZs5"},"fileId":"49R1BKUK9GjLMIqeqqWq8+"},"_contentSize":{"__type__":"cc.Size","width":59.34,"height":25.2},"_anchorPoint":{"__type__":"cc.Vec2","y":0.5},"_trs":{"__type__":"TypedArray","ctor":"Float64Array","array":[17.61,27.998,0,0,0,0,1,1,1,1]}},{"__type__":"cc.Node","_name":"Withdraw Amount","_parent":{"__id__":19},"_components":[{"__id__":26}],"_prefab":{"__type__":"cc.PrefabInfo","root":{"__id__":19},"asset":{"__uuid__":"797+Xv5xNKqr3OtlIDXZs5"},"fileId":"90j0VwTk1GJa14cNZ8mIXL"},"_contentSize":{"__type__":"cc.Size","width":19.47,"height":25.2},"_anchorPoint":{"__type__":"cc.Vec2","y":0.5},"_trs":{"__type__":"TypedArray","ctor":"Float64Array","array":[108.346,28.914,0,0,0,0,1,1,1,1]}},{"__type__":"cc.Label","node":{"__id__":25},"_materials":[{"__uuid__":"ecpdLyjvZBwrvm+cedCcQy"}],"_srcBlendFactor":1,"_useOriginalSize":false,"_string":"00","_N$string":"00","_fontSize":17.5,"_lineHeight":20,"_N$verticalAlign":1},{"__type__":"cc.Node","_name":"Claim NFT","_parent":{"__id__":19},"_children":[{"__id__":28}],"_active":false,"_components":[{"__type__":"cc.Sprite","node":{"__id__":27},"_materials":[{"__uuid__":"ecpdLyjvZBwrvm+cedCcQy"}],"_spriteFrame":{"__uuid__":"f0BIwQ8D5Ml7nTNQbh1YlS"},"_type":1,"_sizeMode":0},{"__id__":29}],"_prefab":{"__type__":"cc.PrefabInfo","root":{"__id__":19},"asset":{"__uuid__":"797+Xv5xNKqr3OtlIDXZs5"},"fileId":"42VoTlHy1NCL2yruhTgbpg"},"_color":{"__type__":"cc.Color","r":92,"g":108,"b":125},"_contentSize":{"__type__":"cc.Size","width":300,"height":50},"_anchorPoint":{"__type__":"cc.Vec2","y":0.5},"_trs":{"__type__":"TypedArray","ctor":"Float64Array","array":[609.11,-20.311,0,0,0,0,1,1,1,1]}},{"__type__":"cc.Node","_name":"Label","_parent":{"__id__":27},"_components":[{"__type__":"cc.Label","node":{"__id__":28},"_materials":[{"__uuid__":"ecpdLyjvZBwrvm+cedCcQy"}],"_srcBlendFactor":1,"_useOriginalSize":false,"_string":"Claim NFT","_N$string":"Claim NFT","_fontSize":20,"_enableWrapText":false,"_N$horizontalAlign":1,"_N$verticalAlign":1,"_N$overflow":1}],"_prefab":{"__type__":"cc.PrefabInfo","root":{"__id__":19},"asset":{"__uuid__":"797+Xv5xNKqr3OtlIDXZs5"},"fileId":"f9xveXdnlJH742CZc3thry"},"_contentSize":{"__type__":"cc.Size","width":300,"height":50},"_trs":{"__type__":"TypedArray","ctor":"Float64Array","array":[151,0,0,0,0,0,1,1,1,1]}},{"__type__":"cc.Button","node":{"__id__":27},"_N$transition":2,"transition":2,"_N$pressedColor":{"__type__":"cc.Color","r":255,"g":255,"b":255},"pressedColor":{"__type__":"cc.Color","r":255,"g":255,"b":255},"_N$disabledColor":{"__type__":"cc.Color","r":255,"g":255,"b":255},"_N$normalSprite":{"__uuid__":"f0BIwQ8D5Ml7nTNQbh1YlS"},"_N$pressedSprite":{"__uuid__":"e97GVMl6JHh5Ml5qEDdSGa"},"pressedSprite":{"__uuid__":"e97GVMl6JHh5Ml5qEDdSGa"},"_N$hoverSprite":{"__uuid__":"f0BIwQ8D5Ml7nTNQbh1YlS"},"hoverSprite":{"__uuid__":"f0BIwQ8D5Ml7nTNQbh1YlS"},"_N$disabledSprite":{"__uuid__":"29FYIk+N1GYaeWH/q1NxQO"},"_N$target":{"__id__":27}},{"__type__":"cc.Node","_name":"Withdraw","_parent":{"__id__":19},"_children":[{"__id__":31}],"_components":[{"__type__":"cc.Sprite","node":{"__id__":30},"_materials":[{"__uuid__":"ecpdLyjvZBwrvm+cedCcQy"}],"_spriteFrame":{"__uuid__":"f0BIwQ8D5Ml7nTNQbh1YlS"},"_type":1,"_sizeMode":0},{"__id__":32}],"_prefab":{"__type__":"cc.PrefabInfo","root":{"__id__":19},"asset":{"__uuid__":"797+Xv5xNKqr3OtlIDXZs5"},"fileId":"002T3SAgBFSb15QudR0AVL"},"_color":{"__type__":"cc.Color","r":92,"g":108,"b":125},"_contentSize":{"__type__":"cc.Size","width":300,"height":50},"_anchorPoint":{"__type__":"cc.Vec2","y":0.5},"_trs":{"__type__":"TypedArray","ctor":"Float64Array","array":[15.262,-18.932,0,0,0,0,1,1,1,1]}},{"__type__":"cc.Node","_name":"Label","_parent":{"__id__":30},"_components":[{"__type__":"cc.Label","node":{"__id__":31},"_materials":[{"__uuid__":"ecpdLyjvZBwrvm+cedCcQy"}],"_srcBlendFactor":1,"_useOriginalSize":false,"_string":"Withdraw All","_N$string":"Withdraw All","_fontSize":20,"_enableWrapText":false,"_N$horizontalAlign":1,"_N$verticalAlign":1,"_N$overflow":1}],"_prefab":{"__type__":"cc.PrefabInfo","root":{"__id__":19},"asset":{"__uuid__":"797+Xv5xNKqr3OtlIDXZs5"},"fileId":"21xqGqTrhEX6RGa1qnKVIQ"},"_contentSize":{"__type__":"cc.Size","width":300,"height":50},"_trs":{"__type__":"TypedArray","ctor":"Float64Array","array":[149,0,0,0,0,0,1,1,1,1]}},{"__type__":"cc.Button","node":{"__id__":30},"_N$transition":2,"transition":2,"_N$pressedColor":{"__type__":"cc.Color","r":255,"g":255,"b":255},"pressedColor":{"__type__":"cc.Color","r":255,"g":255,"b":255},"_N$disabledColor":{"__type__":"cc.Color","r":255,"g":255,"b":255},"_N$normalSprite":{"__uuid__":"f0BIwQ8D5Ml7nTNQbh1YlS"},"_N$pressedSprite":{"__uuid__":"e97GVMl6JHh5Ml5qEDdSGa"},"pressedSprite":{"__uuid__":"e97GVMl6JHh5Ml5qEDdSGa"},"_N$hoverSprite":{"__uuid__":"f0BIwQ8D5Ml7nTNQbh1YlS"},"hoverSprite":{"__uuid__":"f0BIwQ8D5Ml7nTNQbh1YlS"},"_N$disabledSprite":{"__uuid__":"29FYIk+N1GYaeWH/q1NxQO"},"_N$target":{"__id__":30}},{"__type__":"cc.Node","_name":"2","_parent":{"__id__":17},"_children":[{"__id__":34},{"__id__":35},{"__id__":37},{"__id__":38},{"__id__":39},{"__id__":41},{"__id__":44}],"_components":[{"__type__":"cc.Widget","node":{"__id__":33},"_alignFlags":40},{"__type__":"0c67eeDeuNCrYURpguviuko","node":{"__id__":33},"seasonId":{"__id__":36},"contractAbi":"ProfitCircusOld","movrContractAbi":"MovrProfitCircus","newContractAbi":"ProfitCircus","claimNftButton":{"__id__":43},"withdraw":{"__id__":40},"withdrawButton":{"__id__":46},"ethContractAddress":"0xa35aBB86c53695Bb1b23b55808b6c5871432c22c","bscContractAddress":"0xCE188BF49Ee072847c95414518EB56C5eB6F0e3B","movrContractAddress":"0x805C8922b408234f5208779053D06D7E8A8d74BC","ethSessionId":2,"bscSessionId":4,"movrSessionId":6}],"_prefab":{"__type__":"cc.PrefabInfo","root":{"__id__":33},"asset":{"__uuid__":"797+Xv5xNKqr3OtlIDXZs5"},"fileId":"2eyX4MZjJNRJ05P5tymhDS"},"_contentSize":{"__type__":"cc.Size","width":940,"height":200},"_anchorPoint":{"__type__":"cc.Vec2","y":0.5},"_trs":{"__type__":"TypedArray","ctor":"Float64Array","array":[0,-300,0,0,0,0,1,1,1,1]}},{"__type__":"cc.Node","_name":"Init Title","_parent":{"__id__":33},"_components":[{"__type__":"cc.Label","node":{"__id__":34},"_materials":[{"__uuid__":"ecpdLyjvZBwrvm+cedCcQy"}],"_useOriginalSize":false,"_string":"Season:","_N$string":"Season:","_fontSize":35,"_lineHeight":50,"_N$horizontalAlign":2,"_N$verticalAlign":1},{"__type__":"cc.Widget","node":{"__id__":34},"_alignFlags":1,"_left":490}],"_prefab":{"__type__":"cc.PrefabInfo","root":{"__id__":33},"asset":{"__uuid__":"797+Xv5xNKqr3OtlIDXZs5"},"fileId":"4b+1hsJRdHPot+FrrV6s8b"},"_contentSize":{"__type__":"cc.Size","width":128.43,"height":63},"_anchorPoint":{"__type__":"cc.Vec2","x":1,"y":0.5},"_trs":{"__type__":"TypedArray","ctor":"Float64Array","array":[490,68.5,0,0,0,0,1,1,1,1]}},{"__type__":"cc.Node","_name":"Season Id","_parent":{"__id__":33},"_components":[{"__id__":36},{"__type__":"cc.Widget","node":{"__id__":35},"_alignFlags":1,"_left":490}],"_prefab":{"__type__":"cc.PrefabInfo","root":{"__id__":33},"asset":{"__uuid__":"797+Xv5xNKqr3OtlIDXZs5"},"fileId":"e88dqKIyJN8amNsSavpPwK"},"_contentSize":{"__type__":"cc.Size","width":19.47,"height":63},"_anchorPoint":{"__type__":"cc.Vec2","y":0.5},"_trs":{"__type__":"TypedArray","ctor":"Float64Array","array":[509.199,68.5,0,0,0,0,1,1,1,1]}},{"__type__":"cc.Label","node":{"__id__":35},"_materials":[{"__uuid__":"ecpdLyjvZBwrvm+cedCcQy"}],"_useOriginalSize":false,"_string":"2","_N$string":"2","_fontSize":35,"_lineHeight":50,"_N$verticalAlign":1},{"__type__":"cc.Node","_name":"Delimeter","_parent":{"__id__":33},"_components":[{"__type__":"cc.Sprite","node":{"__id__":37},"_materials":[{"__uuid__":"ecpdLyjvZBwrvm+cedCcQy"}],"_spriteFrame":{"__uuid__":"9bvaMerUlDyary99mJa6xp"},"_type":1,"_sizeMode":0},{"__type__":"cc.Layout","node":{"__id__":37},"_layoutSize":{"__type__":"cc.Size","width":910,"height":2}},{"__type__":"cc.Widget","node":{"__id__":37},"_alignFlags":44,"_left":10,"_right":20,"_bottom":22.396,"_originalWidth":200}],"_prefab":{"__type__":"cc.PrefabInfo","root":{"__id__":33},"asset":{"__uuid__":"797+Xv5xNKqr3OtlIDXZs5"},"fileId":"01/T4H+9NLeKnnp63qyvdy"},"_contentSize":{"__type__":"cc.Size","width":910,"height":2},"_trs":{"__type__":"TypedArray","ctor":"Float64Array","array":[465,-76.604,0,0,0,0,1,1,1,1]}},{"__type__":"cc.Node","_name":"Withdraw Label","_parent":{"__id__":33},"_components":[{"__type__":"cc.Label","node":{"__id__":38},"_materials":[{"__uuid__":"ecpdLyjvZBwrvm+cedCcQy"}],"_srcBlendFactor":1,"_useOriginalSize":false,"_string":"Staked:","_N$string":"Staked:","_fontSize":17.5,"_lineHeight":20,"_N$verticalAlign":1}],"_prefab":{"__type__":"cc.PrefabInfo","root":{"__id__":33},"asset":{"__uuid__":"797+Xv5xNKqr3OtlIDXZs5"},"fileId":"49R1BKUK9GjLMIqeqqWq8+"},"_contentSize":{"__type__":"cc.Size","width":59.34,"height":25.2},"_anchorPoint":{"__type__":"cc.Vec2","y":0.5},"_trs":{"__type__":"TypedArray","ctor":"Float64Array","array":[17.61,27.998,0,0,0,0,1,1,1,1]}},{"__type__":"cc.Node","_name":"Withdraw Amount","_parent":{"__id__":33},"_components":[{"__id__":40}],"_prefab":{"__type__":"cc.PrefabInfo","root":{"__id__":33},"asset":{"__uuid__":"797+Xv5xNKqr3OtlIDXZs5"},"fileId":"90j0VwTk1GJa14cNZ8mIXL"},"_contentSize":{"__type__":"cc.Size","width":19.47,"height":25.2},"_anchorPoint":{"__type__":"cc.Vec2","y":0.5},"_trs":{"__type__":"TypedArray","ctor":"Float64Array","array":[108.346,28.914,0,0,0,0,1,1,1,1]}},{"__type__":"cc.Label","node":{"__id__":39},"_materials":[{"__uuid__":"ecpdLyjvZBwrvm+cedCcQy"}],"_srcBlendFactor":1,"_useOriginalSize":false,"_string":"00","_N$string":"00","_fontSize":17.5,"_lineHeight":20,"_N$verticalAlign":1},{"__type__":"cc.Node","_name":"Claim NFT","_parent":{"__id__":33},"_children":[{"__id__":42}],"_active":false,"_components":[{"__type__":"cc.Sprite","node":{"__id__":41},"_materials":[{"__uuid__":"ecpdLyjvZBwrvm+cedCcQy"}],"_spriteFrame":{"__uuid__":"f0BIwQ8D5Ml7nTNQbh1YlS"},"_type":1,"_sizeMode":0},{"__id__":43}],"_prefab":{"__type__":"cc.PrefabInfo","root":{"__id__":33},"asset":{"__uuid__":"797+Xv5xNKqr3OtlIDXZs5"},"fileId":"42VoTlHy1NCL2yruhTgbpg"},"_color":{"__type__":"cc.Color","r":92,"g":108,"b":125},"_contentSize":{"__type__":"cc.Size","width":300,"height":50},"_anchorPoint":{"__type__":"cc.Vec2","y":0.5},"_trs":{"__type__":"TypedArray","ctor":"Float64Array","array":[609.11,-20.311,0,0,0,0,1,1,1,1]}},{"__type__":"cc.Node","_name":"Label","_parent":{"__id__":41},"_components":[{"__type__":"cc.Label","node":{"__id__":42},"_materials":[{"__uuid__":"ecpdLyjvZBwrvm+cedCcQy"}],"_srcBlendFactor":1,"_useOriginalSize":false,"_string":"Claim NFT","_N$string":"Claim NFT","_fontSize":20,"_enableWrapText":false,"_N$horizontalAlign":1,"_N$verticalAlign":1,"_N$overflow":1}],"_prefab":{"__type__":"cc.PrefabInfo","root":{"__id__":33},"asset":{"__uuid__":"797+Xv5xNKqr3OtlIDXZs5"},"fileId":"f9xveXdnlJH742CZc3thry"},"_contentSize":{"__type__":"cc.Size","width":300,"height":50},"_trs":{"__type__":"TypedArray","ctor":"Float64Array","array":[151,0,0,0,0,0,1,1,1,1]}},{"__type__":"cc.Button","node":{"__id__":41},"_N$transition":2,"transition":2,"_N$pressedColor":{"__type__":"cc.Color","r":255,"g":255,"b":255},"pressedColor":{"__type__":"cc.Color","r":255,"g":255,"b":255},"_N$disabledColor":{"__type__":"cc.Color","r":255,"g":255,"b":255},"_N$normalSprite":{"__uuid__":"f0BIwQ8D5Ml7nTNQbh1YlS"},"_N$pressedSprite":{"__uuid__":"e97GVMl6JHh5Ml5qEDdSGa"},"pressedSprite":{"__uuid__":"e97GVMl6JHh5Ml5qEDdSGa"},"_N$hoverSprite":{"__uuid__":"f0BIwQ8D5Ml7nTNQbh1YlS"},"hoverSprite":{"__uuid__":"f0BIwQ8D5Ml7nTNQbh1YlS"},"_N$disabledSprite":{"__uuid__":"29FYIk+N1GYaeWH/q1NxQO"},"_N$target":{"__id__":41}},{"__type__":"cc.Node","_name":"Withdraw","_parent":{"__id__":33},"_children":[{"__id__":45}],"_components":[{"__type__":"cc.Sprite","node":{"__id__":44},"_materials":[{"__uuid__":"ecpdLyjvZBwrvm+cedCcQy"}],"_spriteFrame":{"__uuid__":"f0BIwQ8D5Ml7nTNQbh1YlS"},"_type":1,"_sizeMode":0},{"__id__":46}],"_prefab":{"__type__":"cc.PrefabInfo","root":{"__id__":33},"asset":{"__uuid__":"797+Xv5xNKqr3OtlIDXZs5"},"fileId":"002T3SAgBFSb15QudR0AVL"},"_color":{"__type__":"cc.Color","r":92,"g":108,"b":125},"_contentSize":{"__type__":"cc.Size","width":300,"height":50},"_anchorPoint":{"__type__":"cc.Vec2","y":0.5},"_trs":{"__type__":"TypedArray","ctor":"Float64Array","array":[15.262,-18.932,0,0,0,0,1,1,1,1]}},{"__type__":"cc.Node","_name":"Label","_parent":{"__id__":44},"_components":[{"__type__":"cc.Label","node":{"__id__":45},"_materials":[{"__uuid__":"ecpdLyjvZBwrvm+cedCcQy"}],"_srcBlendFactor":1,"_useOriginalSize":false,"_string":"Withdraw All","_N$string":"Withdraw All","_fontSize":20,"_enableWrapText":false,"_N$horizontalAlign":1,"_N$verticalAlign":1,"_N$overflow":1}],"_prefab":{"__type__":"cc.PrefabInfo","root":{"__id__":33},"asset":{"__uuid__":"797+Xv5xNKqr3OtlIDXZs5"},"fileId":"21xqGqTrhEX6RGa1qnKVIQ"},"_contentSize":{"__type__":"cc.Size","width":300,"height":50},"_trs":{"__type__":"TypedArray","ctor":"Float64Array","array":[149,0,0,0,0,0,1,1,1,1]}},{"__type__":"cc.Button","node":{"__id__":44},"_N$transition":2,"transition":2,"_N$pressedColor":{"__type__":"cc.Color","r":255,"g":255,"b":255},"pressedColor":{"__type__":"cc.Color","r":255,"g":255,"b":255},"_N$disabledColor":{"__type__":"cc.Color","r":255,"g":255,"b":255},"_N$normalSprite":{"__uuid__":"f0BIwQ8D5Ml7nTNQbh1YlS"},"_N$pressedSprite":{"__uuid__":"e97GVMl6JHh5Ml5qEDdSGa"},"pressedSprite":{"__uuid__":"e97GVMl6JHh5Ml5qEDdSGa"},"_N$hoverSprite":{"__uuid__":"f0BIwQ8D5Ml7nTNQbh1YlS"},"hoverSprite":{"__uuid__":"f0BIwQ8D5Ml7nTNQbh1YlS"},"_N$disabledSprite":{"__uuid__":"29FYIk+N1GYaeWH/q1NxQO"},"_N$target":{"__id__":44}},{"__type__":"cc.Node","_name":"3","_parent":{"__id__":17},"_children":[{"__id__":48},{"__id__":49},{"__id__":51},{"__id__":52},{"__id__":53},{"__id__":55},{"__id__":58}],"_components":[{"__type__":"cc.Widget","node":{"__id__":47},"_alignFlags":40},{"__type__":"0c67eeDeuNCrYURpguviuko","node":{"__id__":47},"seasonId":{"__id__":50},"contractAbi":"ProfitCircusOld","movrContractAbi":"MovrProfitCircus","newContractAbi":"ProfitCircus","claimNftButton":{"__id__":57},"withdraw":{"__id__":54},"withdrawButton":{"__id__":60},"ethContractAddress":"0x885242256456f5EDbA66e4e01eb298097449A924","bscContractAddress":"0xf1eD430F02a4afe373CB41837797DAf76C9dcEDb","movrContractAddress":"","ethSessionId":3,"bscSessionId":2,"movrSessionId":0}],"_prefab":{"__type__":"cc.PrefabInfo","root":{"__id__":47},"asset":{"__uuid__":"797+Xv5xNKqr3OtlIDXZs5"},"fileId":"2eyX4MZjJNRJ05P5tymhDS"},"_contentSize":{"__type__":"cc.Size","width":940,"height":200},"_anchorPoint":{"__type__":"cc.Vec2","y":0.5},"_trs":{"__type__":"TypedArray","ctor":"Float64Array","array":[0,-500,0,0,0,0,1,1,1,1]}},{"__type__":"cc.Node","_name":"Init Title","_parent":{"__id__":47},"_components":[{"__type__":"cc.Label","node":{"__id__":48},"_materials":[{"__uuid__":"ecpdLyjvZBwrvm+cedCcQy"}],"_useOriginalSize":false,"_string":"Season:","_N$string":"Season:","_fontSize":35,"_lineHeight":50,"_N$horizontalAlign":2,"_N$verticalAlign":1},{"__type__":"cc.Widget","node":{"__id__":48},"_alignFlags":1,"_left":490}],"_prefab":{"__type__":"cc.PrefabInfo","root":{"__id__":47},"asset":{"__uuid__":"797+Xv5xNKqr3OtlIDXZs5"},"fileId":"4b+1hsJRdHPot+FrrV6s8b"},"_contentSize":{"__type__":"cc.Size","width":128.43,"height":63},"_anchorPoint":{"__type__":"cc.Vec2","x":1,"y":0.5},"_trs":{"__type__":"TypedArray","ctor":"Float64Array","array":[490,68.5,0,0,0,0,1,1,1,1]}},{"__type__":"cc.Node","_name":"Season Id","_parent":{"__id__":47},"_components":[{"__id__":50},{"__type__":"cc.Widget","node":{"__id__":49},"_alignFlags":1,"_left":490}],"_prefab":{"__type__":"cc.PrefabInfo","root":{"__id__":47},"asset":{"__uuid__":"797+Xv5xNKqr3OtlIDXZs5"},"fileId":"e88dqKIyJN8amNsSavpPwK"},"_contentSize":{"__type__":"cc.Size","width":19.47,"height":63},"_anchorPoint":{"__type__":"cc.Vec2","y":0.5},"_trs":{"__type__":"TypedArray","ctor":"Float64Array","array":[509.199,68.5,0,0,0,0,1,1,1,1]}},{"__type__":"cc.Label","node":{"__id__":49},"_materials":[{"__uuid__":"ecpdLyjvZBwrvm+cedCcQy"}],"_useOriginalSize":false,"_string":"3","_N$string":"3","_fontSize":35,"_lineHeight":50,"_N$verticalAlign":1},{"__type__":"cc.Node","_name":"Delimeter","_parent":{"__id__":47},"_components":[{"__type__":"cc.Sprite","node":{"__id__":51},"_materials":[{"__uuid__":"ecpdLyjvZBwrvm+cedCcQy"}],"_spriteFrame":{"__uuid__":"9bvaMerUlDyary99mJa6xp"},"_type":1,"_sizeMode":0},{"__type__":"cc.Layout","node":{"__id__":51},"_layoutSize":{"__type__":"cc.Size","width":910,"height":2}},{"__type__":"cc.Widget","node":{"__id__":51},"_alignFlags":44,"_left":10,"_right":20,"_bottom":22.396,"_originalWidth":200}],"_prefab":{"__type__":"cc.PrefabInfo","root":{"__id__":47},"asset":{"__uuid__":"797+Xv5xNKqr3OtlIDXZs5"},"fileId":"01/T4H+9NLeKnnp63qyvdy"},"_contentSize":{"__type__":"cc.Size","width":910,"height":2},"_trs":{"__type__":"TypedArray","ctor":"Float64Array","array":[465,-76.604,0,0,0,0,1,1,1,1]}},{"__type__":"cc.Node","_name":"Withdraw Label","_parent":{"__id__":47},"_components":[{"__type__":"cc.Label","node":{"__id__":52},"_materials":[{"__uuid__":"ecpdLyjvZBwrvm+cedCcQy"}],"_srcBlendFactor":1,"_useOriginalSize":false,"_string":"Staked:","_N$string":"Staked:","_fontSize":17.5,"_lineHeight":20,"_N$verticalAlign":1}],"_prefab":{"__type__":"cc.PrefabInfo","root":{"__id__":47},"asset":{"__uuid__":"797+Xv5xNKqr3OtlIDXZs5"},"fileId":"49R1BKUK9GjLMIqeqqWq8+"},"_contentSize":{"__type__":"cc.Size","width":59.34,"height":25.2},"_anchorPoint":{"__type__":"cc.Vec2","y":0.5},"_trs":{"__type__":"TypedArray","ctor":"Float64Array","array":[17.61,27.998,0,0,0,0,1,1,1,1]}},{"__type__":"cc.Node","_name":"Withdraw Amount","_parent":{"__id__":47},"_components":[{"__id__":54}],"_prefab":{"__type__":"cc.PrefabInfo","root":{"__id__":47},"asset":{"__uuid__":"797+Xv5xNKqr3OtlIDXZs5"},"fileId":"90j0VwTk1GJa14cNZ8mIXL"},"_contentSize":{"__type__":"cc.Size","width":19.47,"height":25.2},"_anchorPoint":{"__type__":"cc.Vec2","y":0.5},"_trs":{"__type__":"TypedArray","ctor":"Float64Array","array":[108.346,28.914,0,0,0,0,1,1,1,1]}},{"__type__":"cc.Label","node":{"__id__":53},"_materials":[{"__uuid__":"ecpdLyjvZBwrvm+cedCcQy"}],"_srcBlendFactor":1,"_useOriginalSize":false,"_string":"00","_N$string":"00","_fontSize":17.5,"_lineHeight":20,"_N$verticalAlign":1},{"__type__":"cc.Node","_name":"Claim NFT","_parent":{"__id__":47},"_children":[{"__id__":56}],"_active":false,"_components":[{"__type__":"cc.Sprite","node":{"__id__":55},"_materials":[{"__uuid__":"ecpdLyjvZBwrvm+cedCcQy"}],"_spriteFrame":{"__uuid__":"f0BIwQ8D5Ml7nTNQbh1YlS"},"_type":1,"_sizeMode":0},{"__id__":57}],"_prefab":{"__type__":"cc.PrefabInfo","root":{"__id__":47},"asset":{"__uuid__":"797+Xv5xNKqr3OtlIDXZs5"},"fileId":"42VoTlHy1NCL2yruhTgbpg"},"_color":{"__type__":"cc.Color","r":92,"g":108,"b":125},"_contentSize":{"__type__":"cc.Size","width":300,"height":50},"_anchorPoint":{"__type__":"cc.Vec2","y":0.5},"_trs":{"__type__":"TypedArray","ctor":"Float64Array","array":[609.11,-20.311,0,0,0,0,1,1,1,1]}},{"__type__":"cc.Node","_name":"Label","_parent":{"__id__":55},"_components":[{"__type__":"cc.Label","node":{"__id__":56},"_materials":[{"__uuid__":"ecpdLyjvZBwrvm+cedCcQy"}],"_srcBlendFactor":1,"_useOriginalSize":false,"_string":"Claim NFT","_N$string":"Claim NFT","_fontSize":20,"_enableWrapText":false,"_N$horizontalAlign":1,"_N$verticalAlign":1,"_N$overflow":1}],"_prefab":{"__type__":"cc.PrefabInfo","root":{"__id__":47},"asset":{"__uuid__":"797+Xv5xNKqr3OtlIDXZs5"},"fileId":"f9xveXdnlJH742CZc3thry"},"_contentSize":{"__type__":"cc.Size","width":300,"height":50},"_trs":{"__type__":"TypedArray","ctor":"Float64Array","array":[151,0,0,0,0,0,1,1,1,1]}},{"__type__":"cc.Button","node":{"__id__":55},"_N$transition":2,"transition":2,"_N$pressedColor":{"__type__":"cc.Color","r":255,"g":255,"b":255},"pressedColor":{"__type__":"cc.Color","r":255,"g":255,"b":255},"_N$disabledColor":{"__type__":"cc.Color","r":255,"g":255,"b":255},"_N$normalSprite":{"__uuid__":"f0BIwQ8D5Ml7nTNQbh1YlS"},"_N$pressedSprite":{"__uuid__":"e97GVMl6JHh5Ml5qEDdSGa"},"pressedSprite":{"__uuid__":"e97GVMl6JHh5Ml5qEDdSGa"},"_N$hoverSprite":{"__uuid__":"f0BIwQ8D5Ml7nTNQbh1YlS"},"hoverSprite":{"__uuid__":"f0BIwQ8D5Ml7nTNQbh1YlS"},"_N$disabledSprite":{"__uuid__":"29FYIk+N1GYaeWH/q1NxQO"},"_N$target":{"__id__":55}},{"__type__":"cc.Node","_name":"Withdraw","_parent":{"__id__":47},"_children":[{"__id__":59}],"_components":[{"__type__":"cc.Sprite","node":{"__id__":58},"_materials":[{"__uuid__":"ecpdLyjvZBwrvm+cedCcQy"}],"_spriteFrame":{"__uuid__":"f0BIwQ8D5Ml7nTNQbh1YlS"},"_type":1,"_sizeMode":0},{"__id__":60}],"_prefab":{"__type__":"cc.PrefabInfo","root":{"__id__":47},"asset":{"__uuid__":"797+Xv5xNKqr3OtlIDXZs5"},"fileId":"002T3SAgBFSb15QudR0AVL"},"_color":{"__type__":"cc.Color","r":92,"g":108,"b":125},"_contentSize":{"__type__":"cc.Size","width":300,"height":50},"_anchorPoint":{"__type__":"cc.Vec2","y":0.5},"_trs":{"__type__":"TypedArray","ctor":"Float64Array","array":[15.262,-18.932,0,0,0,0,1,1,1,1]}},{"__type__":"cc.Node","_name":"Label","_parent":{"__id__":58},"_components":[{"__type__":"cc.Label","node":{"__id__":59},"_materials":[{"__uuid__":"ecpdLyjvZBwrvm+cedCcQy"}],"_srcBlendFactor":1,"_useOriginalSize":false,"_string":"Withdraw All","_N$string":"Withdraw All","_fontSize":20,"_enableWrapText":false,"_N$horizontalAlign":1,"_N$verticalAlign":1,"_N$overflow":1}],"_prefab":{"__type__":"cc.PrefabInfo","root":{"__id__":47},"asset":{"__uuid__":"797+Xv5xNKqr3OtlIDXZs5"},"fileId":"21xqGqTrhEX6RGa1qnKVIQ"},"_contentSize":{"__type__":"cc.Size","width":300,"height":50},"_trs":{"__type__":"TypedArray","ctor":"Float64Array","array":[149,0,0,0,0,0,1,1,1,1]}},{"__type__":"cc.Button","node":{"__id__":58},"_N$transition":2,"transition":2,"_N$pressedColor":{"__type__":"cc.Color","r":255,"g":255,"b":255},"pressedColor":{"__type__":"cc.Color","r":255,"g":255,"b":255},"_N$disabledColor":{"__type__":"cc.Color","r":255,"g":255,"b":255},"_N$normalSprite":{"__uuid__":"f0BIwQ8D5Ml7nTNQbh1YlS"},"_N$pressedSprite":{"__uuid__":"e97GVMl6JHh5Ml5qEDdSGa"},"pressedSprite":{"__uuid__":"e97GVMl6JHh5Ml5qEDdSGa"},"_N$hoverSprite":{"__uuid__":"f0BIwQ8D5Ml7nTNQbh1YlS"},"hoverSprite":{"__uuid__":"f0BIwQ8D5Ml7nTNQbh1YlS"},"_N$disabledSprite":{"__uuid__":"29FYIk+N1GYaeWH/q1NxQO"},"_N$target":{"__id__":58}}],{"__type__":"cc.SpriteFrame","content":{"name":"default_btn_pressed","texture":"b4P/PCArtIdIH38t6mlw8Y","rect":[0,0,40,40],"offset":[0,0],"originalSize":[40,40],"capInsets":[12,12,12,12]}},{"__type__":"cc.SpriteFrame","content":{"name":"default_btn_normal","texture":"e8Ueib+qJEhL6mXAHdnwbi","rect":[0,0,40,40],"offset":[0,0],"originalSize":[40,40],"capInsets":[12,12,12,12]}}]