[{"__type__":"cc.SpriteFrame","content":{"name":"default_btn_disabled","texture":"71VhFCTINJM6/Ky3oX9nBT","rect":[0,0,40,40],"offset":[0,0],"originalSize":[40,40],"capInsets":[12,12,12,12]}},{"__type__":"cc.SpriteFrame","content":{"name":"game_background_2","texture":"c6a5Uiv71N66chFyp7WoXt","rect":[0,0,1920,1080],"offset":[0,0],"originalSize":[1920,1080],"capInsets":[0,0,0,0]}},{"__type__":"cc.SpriteFrame","content":{"name":"default_scrollbar_vertical","texture":"d608qFRoFHwbXd0Dap056i","rect":[0,0,15,30],"offset":[0,0],"originalSize":[15,30],"capInsets":[4,10,4,10]}},{"__type__":"cc.SpriteFrame","content":{"name":"default_scrollbar_vertical_bg","texture":"61cyPdEfRN047sDK9rO0W5","rect":[0,0,15,30],"offset":[0,0],"originalSize":[15,30],"capInsets":[4,10,4,10]}},[{"__type__":"cc.Prefab","_name":"staking-saloon-season","data":{"__id__":1}},{"__type__":"cc.Node","_name":"staking-saloon-season","_children":[{"__id__":2},{"__id__":3},{"__id__":5},{"__id__":6},{"__id__":8},{"__id__":11},{"__id__":12},{"__id__":14}],"_components":[{"__type__":"cc.Widget","node":{"__id__":1},"_alignFlags":40},{"__type__":"37d43Z7r/NHiqj1BcyL1WkF","node":{"__id__":1},"seasonId":{"__id__":4},"contractAbi":"NftStaking","claimButtonAll":{"__id__":10},"claimAmountAll":{"__id__":7},"bonus":{"__id__":13}}],"_prefab":{"__type__":"cc.PrefabInfo","root":{"__id__":1},"asset":{"__uuid__":"7faQS+n0ZJ95ut4rYVDPiZ"},"fileId":"79gMjQZWJACpeNOxX880rp"},"_contentSize":{"__type__":"cc.Size","width":940,"height":200},"_anchorPoint":{"__type__":"cc.Vec2","y":0.5},"_trs":{"__type__":"TypedArray","ctor":"Float64Array","array":[0,-100,0,0,0,0,1,1,1,1]}},{"__type__":"cc.Node","_name":"Init Title","_parent":{"__id__":1},"_components":[{"__type__":"cc.Label","node":{"__id__":2},"_materials":[{"__uuid__":"ecpdLyjvZBwrvm+cedCcQy"}],"_useOriginalSize":false,"_string":"Season:","_N$string":"Season:","_fontSize":35,"_lineHeight":50,"_N$horizontalAlign":2,"_N$verticalAlign":1},{"__type__":"cc.Widget","node":{"__id__":2},"_alignFlags":1,"_left":490}],"_prefab":{"__type__":"cc.PrefabInfo","root":{"__id__":1},"asset":{"__uuid__":"7faQS+n0ZJ95ut4rYVDPiZ"},"fileId":"b3bT266i1N+qgCh1Zeo1DC"},"_contentSize":{"__type__":"cc.Size","width":128.43,"height":63},"_anchorPoint":{"__type__":"cc.Vec2","x":1,"y":0.5},"_trs":{"__type__":"TypedArray","ctor":"Float64Array","array":[490,68.5,0,0,0,0,1,1,1,1]}},{"__type__":"cc.Node","_name":"Season Id","_parent":{"__id__":1},"_components":[{"__id__":4},{"__type__":"cc.Widget","node":{"__id__":3},"_alignFlags":1,"_left":490}],"_prefab":{"__type__":"cc.PrefabInfo","root":{"__id__":1},"asset":{"__uuid__":"7faQS+n0ZJ95ut4rYVDPiZ"},"fileId":"a6d6dhY+FBVYzTXI1lbImk"},"_contentSize":{"__type__":"cc.Size","width":19.47,"height":63},"_anchorPoint":{"__type__":"cc.Vec2","y":0.5},"_trs":{"__type__":"TypedArray","ctor":"Float64Array","array":[509.199,68.5,0,0,0,0,1,1,1,1]}},{"__type__":"cc.Label","node":{"__id__":3},"_materials":[{"__uuid__":"ecpdLyjvZBwrvm+cedCcQy"}],"_useOriginalSize":false,"_string":"2","_N$string":"2","_fontSize":35,"_lineHeight":50,"_N$verticalAlign":1},{"__type__":"cc.Node","_name":"Claimable","_parent":{"__id__":1},"_components":[{"__type__":"cc.Label","node":{"__id__":5},"_materials":[{"__uuid__":"ecpdLyjvZBwrvm+cedCcQy"}],"_useOriginalSize":false,"_string":"Claimable CWS:","_N$string":"Claimable CWS:","_fontSize":35,"_lineHeight":50,"_N$verticalAlign":1},{"__type__":"cc.Widget","node":{"__id__":5},"_alignFlags":8,"_left":24.8}],"_prefab":{"__type__":"cc.PrefabInfo","root":{"__id__":1},"asset":{"__uuid__":"7faQS+n0ZJ95ut4rYVDPiZ"},"fileId":"f4T6UfkMFFA5ixoL8O5gYj"},"_contentSize":{"__type__":"cc.Size","width":256.72,"height":63},"_anchorPoint":{"__type__":"cc.Vec2","y":0.5},"_trs":{"__type__":"TypedArray","ctor":"Float64Array","array":[24.8,-5.193,0,0,0,0,1,1,1,1]}},{"__type__":"cc.Node","_name":"Total unclaimed amount","_parent":{"__id__":1},"_components":[{"__id__":7}],"_prefab":{"__type__":"cc.PrefabInfo","root":{"__id__":1},"asset":{"__uuid__":"7faQS+n0ZJ95ut4rYVDPiZ"},"fileId":"0aesqZgqpObKssG9uRmSd8"},"_contentSize":{"__type__":"cc.Size","width":200,"height":35},"_anchorPoint":{"__type__":"cc.Vec2","y":0.5},"_trs":{"__type__":"TypedArray","ctor":"Float64Array","array":[290.497,-6.251,0,0,0,0,1,1,1,1]}},{"__type__":"cc.Label","node":{"__id__":6},"_materials":[{"__uuid__":"ecpdLyjvZBwrvm+cedCcQy"}],"_useOriginalSize":false,"_string":"23123123213123213","_N$string":"23123123213123213","_fontSize":35,"_lineHeight":35,"_N$verticalAlign":1,"_N$overflow":2},{"__type__":"cc.Node","_name":"Claim all button","_parent":{"__id__":1},"_children":[{"__id__":9}],"_components":[{"__type__":"cc.Sprite","node":{"__id__":8},"_materials":[{"__uuid__":"ecpdLyjvZBwrvm+cedCcQy"}],"_spriteFrame":{"__uuid__":"f0BIwQ8D5Ml7nTNQbh1YlS"},"_type":1,"_sizeMode":0},{"__id__":10},{"__type__":"cc.Widget","node":{"__id__":8},"_alignFlags":32,"_right":20}],"_prefab":{"__type__":"cc.PrefabInfo","root":{"__id__":1},"asset":{"__uuid__":"7faQS+n0ZJ95ut4rYVDPiZ"},"fileId":"cambmg8i5B9KVpelUR6kV2"},"_color":{"__type__":"cc.Color","r":92,"g":108,"b":125},"_contentSize":{"__type__":"cc.Size","width":300,"height":50},"_anchorPoint":{"__type__":"cc.Vec2","x":1,"y":0.5},"_trs":{"__type__":"TypedArray","ctor":"Float64Array","array":[920,0.12,0,0,0,0,1,1,1,1]}},{"__type__":"cc.Node","_name":"Label","_parent":{"__id__":8},"_components":[{"__type__":"cc.Label","node":{"__id__":9},"_materials":[{"__uuid__":"ecpdLyjvZBwrvm+cedCcQy"}],"_useOriginalSize":false,"_string":"claim all","_N$string":"claim all","_fontSize":20,"_enableWrapText":false,"_N$horizontalAlign":1,"_N$verticalAlign":1,"_N$overflow":1}],"_prefab":{"__type__":"cc.PrefabInfo","root":{"__id__":1},"asset":{"__uuid__":"7faQS+n0ZJ95ut4rYVDPiZ"},"fileId":"ac0UD/Br9NOq2vgXymnS5L"},"_contentSize":{"__type__":"cc.Size","width":300,"height":50},"_anchorPoint":{"__type__":"cc.Vec2","x":1,"y":0.5},"_trs":{"__type__":"TypedArray","ctor":"Float64Array","array":[0,0,0,0,0,0,1,1,1,1]}},{"__type__":"cc.Button","node":{"__id__":8},"_N$transition":2,"transition":2,"_N$pressedColor":{"__type__":"cc.Color","r":255,"g":255,"b":255},"pressedColor":{"__type__":"cc.Color","r":255,"g":255,"b":255},"_N$disabledColor":{"__type__":"cc.Color","r":255,"g":255,"b":255},"_N$normalSprite":{"__uuid__":"f0BIwQ8D5Ml7nTNQbh1YlS"},"_N$pressedSprite":{"__uuid__":"e97GVMl6JHh5Ml5qEDdSGa"},"pressedSprite":{"__uuid__":"e97GVMl6JHh5Ml5qEDdSGa"},"_N$hoverSprite":{"__uuid__":"f0BIwQ8D5Ml7nTNQbh1YlS"},"hoverSprite":{"__uuid__":"f0BIwQ8D5Ml7nTNQbh1YlS"},"_N$disabledSprite":{"__uuid__":"29FYIk+N1GYaeWH/q1NxQO"},"_N$target":{"__id__":8}},{"__type__":"cc.Node","_name":"Bonus","_parent":{"__id__":1},"_components":[{"__type__":"cc.Label","node":{"__id__":11},"_materials":[{"__uuid__":"ecpdLyjvZBwrvm+cedCcQy"}],"_useOriginalSize":false,"_string":"Bonus:","_N$string":"Bonus:","_fontSize":17.5,"_lineHeight":20,"_N$verticalAlign":1}],"_prefab":{"__type__":"cc.PrefabInfo","root":{"__id__":1},"asset":{"__uuid__":"7faQS+n0ZJ95ut4rYVDPiZ"},"fileId":"1b41cfpEZAoZE4Y1PxII0m"},"_contentSize":{"__type__":"cc.Size","width":54.48,"height":25.2},"_anchorPoint":{"__type__":"cc.Vec2","y":0.5},"_trs":{"__type__":"TypedArray","ctor":"Float64Array","array":[361.622,-80.957,0,0,0,0,1,1,1,1]}},{"__type__":"cc.Node","_name":"Bonus amount","_parent":{"__id__":1},"_components":[{"__id__":13}],"_prefab":{"__type__":"cc.PrefabInfo","root":{"__id__":1},"asset":{"__uuid__":"7faQS+n0ZJ95ut4rYVDPiZ"},"fileId":"4agwsueoBPfbKFuVTUs8ll"},"_contentSize":{"__type__":"cc.Size","width":120,"height":30},"_anchorPoint":{"__type__":"cc.Vec2","y":1},"_trs":{"__type__":"TypedArray","ctor":"Float64Array","array":[427.677,-66.013,0,0,0,0,1,1,1,1]}},{"__type__":"cc.Label","node":{"__id__":12},"_materials":[{"__uuid__":"ecpdLyjvZBwrvm+cedCcQy"}],"_useOriginalSize":false,"_string":"0%","_N$string":"0%","_fontSize":17.5,"_lineHeight":20,"_N$verticalAlign":1,"_N$overflow":2},{"__type__":"cc.Node","_name":"Delimeter","_parent":{"__id__":1},"_components":[{"__type__":"cc.Sprite","node":{"__id__":14},"_materials":[{"__uuid__":"ecpdLyjvZBwrvm+cedCcQy"}],"_spriteFrame":{"__uuid__":"9bvaMerUlDyary99mJa6xp"},"_type":1,"_sizeMode":0},{"__type__":"cc.Layout","node":{"__id__":14},"_layoutSize":{"__type__":"cc.Size","width":910,"height":2}},{"__type__":"cc.Widget","node":{"__id__":14},"_alignFlags":44,"_left":10,"_right":20,"_originalWidth":200}],"_prefab":{"__type__":"cc.PrefabInfo","root":{"__id__":1},"asset":{"__uuid__":"7faQS+n0ZJ95ut4rYVDPiZ"},"fileId":"1fUR0lo/VAVoHU/Qc+DdCu"},"_contentSize":{"__type__":"cc.Size","width":910,"height":2},"_trs":{"__type__":"TypedArray","ctor":"Float64Array","array":[465,-99,0,0,0,0,1,1,1,1]}}],{"__type__":"cc.SpriteFrame","content":{"name":"default_panel","texture":"d8HsitJHxOYqo801xBk8ev","rect":[0,0,20,20],"offset":[0,0],"originalSize":[20,20],"capInsets":[6,6,6,6]}},{"__type__":"cc.SpriteFrame","content":{"name":"default_btn_pressed","texture":"b4P/PCArtIdIH38t6mlw8Y","rect":[0,0,40,40],"offset":[0,0],"originalSize":[40,40],"capInsets":[12,12,12,12]}},{"__type__":"cc.SpriteFrame","content":{"name":"default_btn_normal","texture":"e8Ueib+qJEhL6mXAHdnwbi","rect":[0,0,40,40],"offset":[0,0],"originalSize":[40,40],"capInsets":[12,12,12,12]}},[{"__type__":"cc.SceneAsset","_name":"game-three","scene":{"__id__":1},"asyncLoadAssets":null},{"__type__":"cc.Scene","_name":"New Node","_children":[{"__id__":2}],"_anchorPoint":{"__type__":"cc.Vec2"},"_trs":{"__type__":"TypedArray","ctor":"Float64Array","array":[0,0,0,0,0,0,1,1,1,1]},"autoReleaseAssets":false},{"__type__":"cc.Node","_name":"Canvas","_parent":{"__id__":1},"_children":[{"__id__":3},{"__id__":4},{"__id__":5},{"__id__":6},{"__id__":7},{"__id__":29}],"_components":[{"__type__":"cc.Canvas","node":{"__id__":2},"_designResolution":{"__type__":"cc.Size","width":960,"height":800},"_fitWidth":true},{"__type__":"cc.Widget","node":{"__id__":2},"_alignFlags":45}],"_contentSize":{"__type__":"cc.Size","width":960,"height":800},"_trs":{"__type__":"TypedArray","ctor":"Float64Array","array":[480,400,0,0,0,0,1,1,1,1]},"_id":"a1gWOW+XpHeKh04IcHe8/n"},{"__type__":"cc.Node","_name":"Main Camera","_parent":{"__id__":2},"_components":[{"__type__":"cc.Camera","node":{"__id__":3},"_clearFlags":7,"_depth":-1}],"_trs":{"__type__":"TypedArray","ctor":"Float64Array","array":[0,0,317.20053685286825,0,0,0,1,1,1,1]}},{"__type__":"cc.Node","_name":"Layout","_parent":{"__id__":2},"_components":[{"__type__":"cc.Sprite","node":{"__id__":4},"_materials":[{"__uuid__":"ecpdLyjvZBwrvm+cedCcQy"}],"_spriteFrame":{"__uuid__":"3bWwW9KMpK7LSRcuwe+2nS"},"_type":1,"_sizeMode":0},{"__type__":"cc.Layout","node":{"__id__":4},"_layoutSize":{"__type__":"cc.Size","width":960,"height":800}},{"__type__":"cc.Widget","node":{"__id__":4},"_alignFlags":45,"_originalWidth":960,"_originalHeight":640}],"_contentSize":{"__type__":"cc.Size","width":960,"height":800},"_trs":{"__type__":"TypedArray","ctor":"Float64Array","array":[0,0,0,0,0,0,1,1,1,1]}},{"__type__":"cc.Node","_name":"Title","_parent":{"__id__":2},"_components":[{"__type__":"cc.Label","node":{"__id__":5},"_materials":[{"__uuid__":"ecpdLyjvZBwrvm+cedCcQy"}],"_useOriginalSize":false,"_string":"Staking Saloon","_N$string":"Staking Saloon","_fontSize":35,"_lineHeight":50,"_N$verticalAlign":1},{"__type__":"cc.Widget","node":{"__id__":5},"_alignFlags":8,"_left":18.052999999999997}],"_color":{"__type__":"cc.Color","r":77,"g":12,"b":30},"_contentSize":{"__type__":"cc.Size","width":235.45,"height":63},"_anchorPoint":{"__type__":"cc.Vec2","y":0.5},"_trs":{"__type__":"TypedArray","ctor":"Float64Array","array":[-461.947,360.044,0,0,0,0,1,1,1,1]}},{"__type__":"cc.Node","_name":"progress","_parent":{"__id__":2},"_components":[{"__type__":"cc.Label","node":{"__id__":6},"_materials":[{"__uuid__":"ecpdLyjvZBwrvm+cedCcQy"}],"_useOriginalSize":false,"_string":"...","_N$string":"...","_fontSize":17.5,"_lineHeight":20,"_N$verticalAlign":1}],"_contentSize":{"__type__":"cc.Size","width":14.59,"height":25.2},"_anchorPoint":{"__type__":"cc.Vec2","y":0.5},"_trs":{"__type__":"TypedArray","ctor":"Float64Array","array":[-51.925,-368.632,0,0,0,0,1,1,1,1]}},{"__type__":"cc.Node","_name":"Seasons","_parent":{"__id__":2},"_children":[{"__id__":8},{"__id__":14}],"_components":[{"__type__":"cc.Sprite","node":{"__id__":7},"_materials":[{"__uuid__":"ecpdLyjvZBwrvm+cedCcQy"}],"_spriteFrame":{"__uuid__":"9bvaMerUlDyary99mJa6xp"},"_type":1,"_sizeMode":0},{"__id__":12},{"__type__":"cc.Widget","node":{"__id__":7},"_alignFlags":45,"_left":10,"_right":10,"_top":65,"_bottom":5,"_originalWidth":240,"_originalHeight":250}],"_color":{"__type__":"cc.Color","r":56,"g":49,"b":49},"_contentSize":{"__type__":"cc.Size","width":940,"height":730},"_trs":{"__type__":"TypedArray","ctor":"Float64Array","array":[0,-30,0,0,0,0,1,1,1,1]}},{"__type__":"cc.Node","_name":"scrollBar","_objFlags":512,"_parent":{"__id__":7},"_children":[{"__id__":9}],"_components":[{"__id__":11},{"__type__":"cc.Widget","node":{"__id__":8},"alignMode":0,"_alignFlags":37,"_left":350.07654921020657,"_originalHeight":237},{"__type__":"cc.Sprite","node":{"__id__":8},"_materials":[{"__uuid__":"ecpdLyjvZBwrvm+cedCcQy"}],"_spriteFrame":{"__uuid__":"5f5dyqtRNNxaFmVzYns6FZ"},"_type":1,"_sizeMode":0}],"_contentSize":{"__type__":"cc.Size","width":12,"height":730},"_anchorPoint":{"__type__":"cc.Vec2","x":1,"y":0.5},"_trs":{"__type__":"TypedArray","ctor":"Float64Array","array":[470,0,0,0,0,0,1,1,1,1]}},{"__type__":"cc.Node","_name":"bar","_objFlags":512,"_parent":{"__id__":8},"_components":[{"__id__":10}],"_contentSize":{"__type__":"cc.Size","width":10,"height":30},"_anchorPoint":{"__type__":"cc.Vec2","x":1},"_trs":{"__type__":"TypedArray","ctor":"Float64Array","array":[-1,0,0,0,0,0,1,1,1,1]}},{"__type__":"cc.Sprite","node":{"__id__":9},"_materials":[{"__uuid__":"ecpdLyjvZBwrvm+cedCcQy"}],"_spriteFrame":{"__uuid__":"5cO7kybDxGj4ipyMYdRYZB"},"_type":1,"_sizeMode":0},{"__type__":"cc.Scrollbar","node":{"__id__":8},"_scrollView":{"__id__":12},"_N$handle":{"__id__":10},"_N$direction":1},{"__type__":"cc.ScrollView","node":{"__id__":7},"horizontal":false,"brake":0.75,"bounceDuration":0.23,"_N$content":{"__id__":13},"content":{"__id__":13},"_N$horizontalScrollBar":null,"_N$verticalScrollBar":{"__id__":11}},{"__type__":"cc.Node","_name":"content","_objFlags":512,"_parent":{"__id__":14},"_children":[{"__id__":15}],"_components":[{"__type__":"cc.Layout","node":{"__id__":13},"_layoutSize":{"__type__":"cc.Size","width":940,"height":200},"_resize":1,"_N$layoutType":2}],"_contentSize":{"__type__":"cc.Size","width":940,"height":200},"_anchorPoint":{"__type__":"cc.Vec2","y":1},"_trs":{"__type__":"TypedArray","ctor":"Float64Array","array":[0,365,0,0,0,0,1,1,1,1]}},{"__type__":"cc.Node","_name":"view","_objFlags":512,"_parent":{"__id__":7},"_children":[{"__id__":13}],"_components":[{"__type__":"cc.Mask","node":{"__id__":14},"_materials":[{"__uuid__":"ecpdLyjvZBwrvm+cedCcQy"}],"_N$alphaThreshold":0},{"__type__":"cc.Widget","node":{"__id__":14},"_alignFlags":45,"_originalWidth":240,"_originalHeight":250}],"_contentSize":{"__type__":"cc.Size","width":940,"height":730},"_anchorPoint":{"__type__":"cc.Vec2","y":0.5},"_trs":{"__type__":"TypedArray","ctor":"Float64Array","array":[-470,0,0,0,0,0,1,1,1,1]}},{"__type__":"cc.Node","_name":"staking-saloon-season","_parent":{"__id__":13},"_children":[{"__id__":16},{"__id__":17},{"__id__":19},{"__id__":20},{"__id__":22},{"__id__":25},{"__id__":26},{"__id__":28}],"_components":[{"__type__":"cc.Widget","node":{"__id__":15},"_alignFlags":40},{"__type__":"37d43Z7r/NHiqj1BcyL1WkF","node":{"__id__":15},"seasonId":{"__id__":18},"contractAbi":"NftStaking","claimButtonAll":{"__id__":24},"claimAmountAll":{"__id__":21},"bonus":{"__id__":27},"ethSessionId":3,"bscSessionId":2}],"_prefab":{"__type__":"cc.PrefabInfo","root":{"__id__":15},"asset":{"__uuid__":"7faQS+n0ZJ95ut4rYVDPiZ"},"fileId":"79gMjQZWJACpeNOxX880rp"},"_contentSize":{"__type__":"cc.Size","width":940,"height":200},"_anchorPoint":{"__type__":"cc.Vec2","y":0.5},"_trs":{"__type__":"TypedArray","ctor":"Float64Array","array":[0,-100,0,0,0,0,1,1,1,1]}},{"__type__":"cc.Node","_name":"Init Title","_parent":{"__id__":15},"_components":[{"__type__":"cc.Label","node":{"__id__":16},"_materials":[{"__uuid__":"ecpdLyjvZBwrvm+cedCcQy"}],"_useOriginalSize":false,"_string":"Season:","_N$string":"Season:","_fontSize":35,"_lineHeight":50,"_N$horizontalAlign":2,"_N$verticalAlign":1},{"__type__":"cc.Widget","node":{"__id__":16},"_alignFlags":1,"_left":490}],"_prefab":{"__type__":"cc.PrefabInfo","root":{"__id__":15},"asset":{"__uuid__":"7faQS+n0ZJ95ut4rYVDPiZ"},"fileId":"b3bT266i1N+qgCh1Zeo1DC"},"_contentSize":{"__type__":"cc.Size","width":128.43,"height":63},"_anchorPoint":{"__type__":"cc.Vec2","x":1,"y":0.5},"_trs":{"__type__":"TypedArray","ctor":"Float64Array","array":[490,68.5,0,0,0,0,1,1,1,1]}},{"__type__":"cc.Node","_name":"Season Id","_parent":{"__id__":15},"_components":[{"__id__":18},{"__type__":"cc.Widget","node":{"__id__":17},"_alignFlags":1,"_left":490}],"_prefab":{"__type__":"cc.PrefabInfo","root":{"__id__":15},"asset":{"__uuid__":"7faQS+n0ZJ95ut4rYVDPiZ"},"fileId":"a6d6dhY+FBVYzTXI1lbImk"},"_contentSize":{"__type__":"cc.Size","width":19.47,"height":63},"_anchorPoint":{"__type__":"cc.Vec2","y":0.5},"_trs":{"__type__":"TypedArray","ctor":"Float64Array","array":[509.199,68.5,0,0,0,0,1,1,1,1]}},{"__type__":"cc.Label","node":{"__id__":17},"_materials":[{"__uuid__":"ecpdLyjvZBwrvm+cedCcQy"}],"_useOriginalSize":false,"_string":"1","_N$string":"1","_fontSize":35,"_lineHeight":50,"_N$verticalAlign":1},{"__type__":"cc.Node","_name":"Claimable","_parent":{"__id__":15},"_components":[{"__type__":"cc.Label","node":{"__id__":19},"_materials":[{"__uuid__":"ecpdLyjvZBwrvm+cedCcQy"}],"_useOriginalSize":false,"_string":"Claimable CWS:","_N$string":"Claimable CWS:","_fontSize":35,"_lineHeight":50,"_N$verticalAlign":1},{"__type__":"cc.Widget","node":{"__id__":19},"_alignFlags":8,"_left":24.8}],"_prefab":{"__type__":"cc.PrefabInfo","root":{"__id__":15},"asset":{"__uuid__":"7faQS+n0ZJ95ut4rYVDPiZ"},"fileId":"f4T6UfkMFFA5ixoL8O5gYj"},"_contentSize":{"__type__":"cc.Size","width":256.72,"height":63},"_anchorPoint":{"__type__":"cc.Vec2","y":0.5},"_trs":{"__type__":"TypedArray","ctor":"Float64Array","array":[24.8,-5.193,0,0,0,0,1,1,1,1]}},{"__type__":"cc.Node","_name":"Total unclaimed amount","_parent":{"__id__":15},"_components":[{"__id__":21}],"_prefab":{"__type__":"cc.PrefabInfo","root":{"__id__":15},"asset":{"__uuid__":"7faQS+n0ZJ95ut4rYVDPiZ"},"fileId":"0aesqZgqpObKssG9uRmSd8"},"_contentSize":{"__type__":"cc.Size","width":200,"height":35},"_anchorPoint":{"__type__":"cc.Vec2","y":0.5},"_trs":{"__type__":"TypedArray","ctor":"Float64Array","array":[290.497,-6.251,0,0,0,0,1,1,1,1]}},{"__type__":"cc.Label","node":{"__id__":20},"_materials":[{"__uuid__":"ecpdLyjvZBwrvm+cedCcQy"}],"_useOriginalSize":false,"_string":"0","_N$string":"0","_fontSize":35,"_lineHeight":35,"_N$verticalAlign":1,"_N$overflow":2},{"__type__":"cc.Node","_name":"Claim all button","_parent":{"__id__":15},"_children":[{"__id__":23}],"_components":[{"__type__":"cc.Sprite","node":{"__id__":22},"_materials":[{"__uuid__":"ecpdLyjvZBwrvm+cedCcQy"}],"_spriteFrame":{"__uuid__":"f0BIwQ8D5Ml7nTNQbh1YlS"},"_type":1,"_sizeMode":0},{"__id__":24},{"__type__":"cc.Widget","node":{"__id__":22},"_alignFlags":32,"_right":20}],"_prefab":{"__type__":"cc.PrefabInfo","root":{"__id__":15},"asset":{"__uuid__":"7faQS+n0ZJ95ut4rYVDPiZ"},"fileId":"cambmg8i5B9KVpelUR6kV2"},"_color":{"__type__":"cc.Color","r":92,"g":108,"b":125},"_contentSize":{"__type__":"cc.Size","width":300,"height":50},"_anchorPoint":{"__type__":"cc.Vec2","x":1,"y":0.5},"_trs":{"__type__":"TypedArray","ctor":"Float64Array","array":[920,0.12,0,0,0,0,1,1,1,1]}},{"__type__":"cc.Node","_name":"Label","_parent":{"__id__":22},"_components":[{"__type__":"cc.Label","node":{"__id__":23},"_materials":[{"__uuid__":"ecpdLyjvZBwrvm+cedCcQy"}],"_useOriginalSize":false,"_string":"claim all","_N$string":"claim all","_fontSize":20,"_enableWrapText":false,"_N$horizontalAlign":1,"_N$verticalAlign":1,"_N$overflow":1}],"_prefab":{"__type__":"cc.PrefabInfo","root":{"__id__":15},"asset":{"__uuid__":"7faQS+n0ZJ95ut4rYVDPiZ"},"fileId":"ac0UD/Br9NOq2vgXymnS5L"},"_contentSize":{"__type__":"cc.Size","width":300,"height":50},"_anchorPoint":{"__type__":"cc.Vec2","x":1,"y":0.5},"_trs":{"__type__":"TypedArray","ctor":"Float64Array","array":[0,0,0,0,0,0,1,1,1,1]}},{"__type__":"cc.Button","node":{"__id__":22},"_N$transition":2,"transition":2,"_N$pressedColor":{"__type__":"cc.Color","r":255,"g":255,"b":255},"pressedColor":{"__type__":"cc.Color","r":255,"g":255,"b":255},"_N$disabledColor":{"__type__":"cc.Color","r":255,"g":255,"b":255},"_N$normalSprite":{"__uuid__":"f0BIwQ8D5Ml7nTNQbh1YlS"},"_N$pressedSprite":{"__uuid__":"e97GVMl6JHh5Ml5qEDdSGa"},"pressedSprite":{"__uuid__":"e97GVMl6JHh5Ml5qEDdSGa"},"_N$hoverSprite":{"__uuid__":"f0BIwQ8D5Ml7nTNQbh1YlS"},"hoverSprite":{"__uuid__":"f0BIwQ8D5Ml7nTNQbh1YlS"},"_N$disabledSprite":{"__uuid__":"29FYIk+N1GYaeWH/q1NxQO"},"_N$target":{"__id__":22}},{"__type__":"cc.Node","_name":"Bonus","_parent":{"__id__":15},"_components":[{"__type__":"cc.Label","node":{"__id__":25},"_materials":[{"__uuid__":"ecpdLyjvZBwrvm+cedCcQy"}],"_useOriginalSize":false,"_string":"Bonus:","_N$string":"Bonus:","_fontSize":17.5,"_lineHeight":20,"_N$verticalAlign":1}],"_prefab":{"__type__":"cc.PrefabInfo","root":{"__id__":15},"asset":{"__uuid__":"7faQS+n0ZJ95ut4rYVDPiZ"},"fileId":"1b41cfpEZAoZE4Y1PxII0m"},"_contentSize":{"__type__":"cc.Size","width":54.48,"height":25.2},"_anchorPoint":{"__type__":"cc.Vec2","y":0.5},"_trs":{"__type__":"TypedArray","ctor":"Float64Array","array":[361.622,-80.957,0,0,0,0,1,1,1,1]}},{"__type__":"cc.Node","_name":"Bonus amount","_parent":{"__id__":15},"_components":[{"__id__":27}],"_prefab":{"__type__":"cc.PrefabInfo","root":{"__id__":15},"asset":{"__uuid__":"7faQS+n0ZJ95ut4rYVDPiZ"},"fileId":"4agwsueoBPfbKFuVTUs8ll"},"_contentSize":{"__type__":"cc.Size","width":120,"height":30},"_anchorPoint":{"__type__":"cc.Vec2","y":1},"_trs":{"__type__":"TypedArray","ctor":"Float64Array","array":[427.677,-66.013,0,0,0,0,1,1,1,1]}},{"__type__":"cc.Label","node":{"__id__":26},"_materials":[{"__uuid__":"ecpdLyjvZBwrvm+cedCcQy"}],"_useOriginalSize":false,"_string":"0%","_N$string":"0%","_fontSize":17.5,"_lineHeight":20,"_N$verticalAlign":1,"_N$overflow":2},{"__type__":"cc.Node","_name":"Delimeter","_parent":{"__id__":15},"_components":[{"__type__":"cc.Sprite","node":{"__id__":28},"_materials":[{"__uuid__":"ecpdLyjvZBwrvm+cedCcQy"}],"_spriteFrame":{"__uuid__":"9bvaMerUlDyary99mJa6xp"},"_type":1,"_sizeMode":0},{"__type__":"cc.Layout","node":{"__id__":28},"_layoutSize":{"__type__":"cc.Size","width":910,"height":2}},{"__type__":"cc.Widget","node":{"__id__":28},"_alignFlags":44,"_left":10,"_right":20,"_originalWidth":200}],"_prefab":{"__type__":"cc.PrefabInfo","root":{"__id__":15},"asset":{"__uuid__":"7faQS+n0ZJ95ut4rYVDPiZ"},"fileId":"1fUR0lo/VAVoHU/Qc+DdCu"},"_contentSize":{"__type__":"cc.Size","width":910,"height":2},"_trs":{"__type__":"TypedArray","ctor":"Float64Array","array":[465,-99,0,0,0,0,1,1,1,1]}},{"__type__":"cc.Node","_name":"Wait","_parent":{"__id__":2},"_children":[{"__id__":30}],"_active":false,"_components":[{"__type__":"cc.Sprite","node":{"__id__":29},"_spriteFrame":{"__uuid__":"9bvaMerUlDyary99mJa6xp"},"_type":1,"_sizeMode":0},{"__type__":"cc.Layout","node":{"__id__":29},"_layoutSize":{"__type__":"cc.Size","width":950,"height":630}},{"__type__":"cc.Widget","node":{"__id__":29},"_alignFlags":45,"_left":5,"_right":5,"_top":5,"_bottom":5,"_originalWidth":200,"_originalHeight":150}],"_opacity":138,"_color":{"__type__":"cc.Color","r":39,"g":31,"b":31},"_contentSize":{"__type__":"cc.Size","width":950,"height":630},"_trs":{"__type__":"TypedArray","ctor":"Float64Array","array":[0,0,0,0,0,0,1,1,1,1]}},{"__type__":"cc.Node","_name":"Please wait...","_parent":{"__id__":29},"_components":[{"__type__":"cc.Label","node":{"__id__":30},"_useOriginalSize":false,"_string":"Please wait...","_N$string":"Please wait...","_N$horizontalAlign":1,"_N$verticalAlign":1}],"_contentSize":{"__type__":"cc.Size","width":237.89,"height":40},"_trs":{"__type__":"TypedArray","ctor":"Float64Array","array":[0,0,0,0,0,0,1,1,1,1]}}]]