[[{"__type__":"cc.SceneAsset","_name":"game-two","scene":{"__id__":1},"asyncLoadAssets":null},{"__type__":"cc.Scene","_name":"New Node","_children":[{"__id__":2}],"_anchorPoint":{"__type__":"cc.Vec2"},"_trs":{"__type__":"TypedArray","ctor":"Float64Array","array":[0,0,0,0,0,0,1,1,1,1]},"autoReleaseAssets":false},{"__type__":"cc.Node","_name":"Canvas","_parent":{"__id__":1},"_children":[{"__id__":3},{"__id__":4},{"__id__":5},{"__id__":7},{"__id__":20},{"__id__":30},{"__id__":41},{"__id__":57}],"_components":[{"__type__":"cc.Canvas","node":{"__id__":2},"_designResolution":{"__type__":"cc.Size","width":960,"height":800},"_fitWidth":true},{"__type__":"cc.Widget","node":{"__id__":2},"_alignFlags":45},{"__type__":"532c2xOsUtJT7vtdzuFdM9W","node":{"__id__":2},"loadContractButton":{"__id__":25},"initGameButton":{"__id__":29},"spendButton":{"__id__":37},"mintButton":{"__id__":40},"fetchButton":{"__id__":51},"claimDailySpentButton":{"__id__":54},"progressLabel":{"__id__":6},"spentLabel":{"__id__":10},"mintTime":{"__id__":13},"qualityLabel":{"__id__":16},"sessionEndLabel":{"__id__":19},"spentTodayList":{"__id__":46},"spentAlltimeList":{"__id__":48}}],"_contentSize":{"__type__":"cc.Size","width":960,"height":800},"_trs":{"__type__":"TypedArray","ctor":"Float64Array","array":[480,400,0,0,0,0,1,1,1,1]},"_id":"a1gWOW+XpHeKh04IcHe8/n"},{"__type__":"cc.Node","_name":"Main Camera","_parent":{"__id__":2},"_components":[{"__type__":"cc.Camera","node":{"__id__":3},"_clearFlags":7,"_depth":-1}],"_trs":{"__type__":"TypedArray","ctor":"Float64Array","array":[0,0,350.10115953820565,0,0,0,1,1,1,1]}},{"__type__":"cc.Node","_name":"Layout","_parent":{"__id__":2},"_components":[{"__type__":"cc.Sprite","node":{"__id__":4},"_materials":[{"__uuid__":"ecpdLyjvZBwrvm+cedCcQy"}],"_spriteFrame":{"__uuid__":"9bvaMerUlDyary99mJa6xp"},"_type":1,"_sizeMode":0},{"__type__":"cc.Layout","node":{"__id__":4},"_layoutSize":{"__type__":"cc.Size","width":960,"height":800}},{"__type__":"cc.Widget","node":{"__id__":4},"_alignFlags":45,"_originalWidth":960,"_originalHeight":640}],"_color":{"__type__":"cc.Color","r":57,"g":61,"b":64},"_contentSize":{"__type__":"cc.Size","width":960,"height":800},"_trs":{"__type__":"TypedArray","ctor":"Float64Array","array":[0,0,0,0,0,0,1,1,1,1]}},{"__type__":"cc.Node","_name":"progress","_parent":{"__id__":2},"_components":[{"__id__":6}],"_contentSize":{"__type__":"cc.Size","width":14.59,"height":25.2},"_anchorPoint":{"__type__":"cc.Vec2","y":0.5},"_trs":{"__type__":"TypedArray","ctor":"Float64Array","array":[-51.925,384.188,0,0,0,0,1,1,1,1]}},{"__type__":"cc.Label","node":{"__id__":5},"_materials":[{"__uuid__":"ecpdLyjvZBwrvm+cedCcQy"}],"_useOriginalSize":false,"_string":"...","_N$string":"...","_fontSize":17.5,"_lineHeight":20,"_N$verticalAlign":1},{"__type__":"cc.Node","_name":"Info","_parent":{"__id__":2},"_children":[{"__id__":8},{"__id__":9},{"__id__":11},{"__id__":12},{"__id__":14},{"__id__":15},{"__id__":17},{"__id__":18}],"_components":[{"__type__":"cc.Widget","node":{"__id__":7},"_alignFlags":45}],"_contentSize":{"__type__":"cc.Size","width":960,"height":800},"_trs":{"__type__":"TypedArray","ctor":"Float64Array","array":[0,0,0,0,0,0,1,1,1,1]}},{"__type__":"cc.Node","_name":"Spent","_parent":{"__id__":7},"_components":[{"__type__":"cc.Label","node":{"__id__":8},"_materials":[{"__uuid__":"ecpdLyjvZBwrvm+cedCcQy"}],"_useOriginalSize":false,"_string":"Spent:","_N$string":"Spent:","_fontSize":17.5,"_lineHeight":20,"_N$verticalAlign":1}],"_contentSize":{"__type__":"cc.Size","width":50.59,"height":25.2},"_anchorPoint":{"__type__":"cc.Vec2","y":0.5},"_trs":{"__type__":"TypedArray","ctor":"Float64Array","array":[-459.538,-1.567,0,0,0,0,1,1,1,1]}},{"__type__":"cc.Node","_name":"Spent amount","_parent":{"__id__":7},"_components":[{"__id__":10}],"_contentSize":{"__type__":"cc.Size","width":19.47,"height":25.2},"_anchorPoint":{"__type__":"cc.Vec2","y":0.5},"_trs":{"__type__":"TypedArray","ctor":"Float64Array","array":[-394.038,-2.335,0,0,0,0,1,1,1,1]}},{"__type__":"cc.Label","node":{"__id__":9},"_materials":[{"__uuid__":"ecpdLyjvZBwrvm+cedCcQy"}],"_useOriginalSize":false,"_string":"00","_N$string":"00","_fontSize":17.5,"_lineHeight":20,"_N$verticalAlign":1},{"__type__":"cc.Node","_name":"Mint in","_parent":{"__id__":7},"_components":[{"__type__":"cc.Label","node":{"__id__":11},"_materials":[{"__uuid__":"ecpdLyjvZBwrvm+cedCcQy"}],"_useOriginalSize":false,"_string":"Mint in:","_N$string":"Mint in:","_fontSize":17.5,"_lineHeight":20,"_N$verticalAlign":1}],"_contentSize":{"__type__":"cc.Size","width":56.41,"height":25.2},"_anchorPoint":{"__type__":"cc.Vec2","y":0.5},"_trs":{"__type__":"TypedArray","ctor":"Float64Array","array":[1.314,6.038,0,0,0,0,1,1,1,1]}},{"__type__":"cc.Node","_name":"Mint In timer","_parent":{"__id__":7},"_components":[{"__id__":13}],"_contentSize":{"__type__":"cc.Size","width":100,"height":25.2},"_anchorPoint":{"__type__":"cc.Vec2","y":0.5},"_trs":{"__type__":"TypedArray","ctor":"Float64Array","array":[59.11,4.356,0,0,0,0,1,1,1,1]}},{"__type__":"cc.Label","node":{"__id__":12},"_materials":[{"__uuid__":"ecpdLyjvZBwrvm+cedCcQy"}],"_useOriginalSize":false,"_string":"00","_N$string":"00","_fontSize":17.5,"_lineHeight":20,"_N$verticalAlign":1,"_N$overflow":2},{"__type__":"cc.Node","_name":"Quality","_parent":{"__id__":7},"_components":[{"__type__":"cc.Label","node":{"__id__":14},"_materials":[{"__uuid__":"ecpdLyjvZBwrvm+cedCcQy"}],"_useOriginalSize":false,"_string":"Possible quality:\n(retreived from server)","_N$string":"Possible quality:\n(retreived from server)","_fontSize":17.5,"_lineHeight":20,"_N$verticalAlign":1}],"_contentSize":{"__type__":"cc.Size","width":173.09,"height":45.2},"_anchorPoint":{"__type__":"cc.Vec2","y":1},"_trs":{"__type__":"TypedArray","ctor":"Float64Array","array":[163.891,21.493,0,0,0,0,1,1,1,1]}},{"__type__":"cc.Node","_name":"Quality value","_parent":{"__id__":7},"_components":[{"__id__":16}],"_contentSize":{"__type__":"cc.Size","width":100,"height":25.2},"_anchorPoint":{"__type__":"cc.Vec2","y":0.5},"_trs":{"__type__":"TypedArray","ctor":"Float64Array","array":[352.599,6.778,0,0,0,0,1,1,1,1]}},{"__type__":"cc.Label","node":{"__id__":15},"_materials":[{"__uuid__":"ecpdLyjvZBwrvm+cedCcQy"}],"_useOriginalSize":false,"_string":"00","_N$string":"00","_fontSize":17.5,"_lineHeight":20,"_N$verticalAlign":1,"_N$overflow":2},{"__type__":"cc.Node","_name":"Session end","_parent":{"__id__":7},"_components":[{"__type__":"cc.Label","node":{"__id__":17},"_materials":[{"__uuid__":"ecpdLyjvZBwrvm+cedCcQy"}],"_useOriginalSize":false,"_string":"Session Ends:","_N$string":"Session Ends:","_fontSize":17.5,"_lineHeight":20,"_N$verticalAlign":1}],"_contentSize":{"__type__":"cc.Size","width":111.87,"height":25.2},"_anchorPoint":{"__type__":"cc.Vec2","y":0.5},"_trs":{"__type__":"TypedArray","ctor":"Float64Array","array":[237.112,361.471,0,0,0,0,1,1,1,1]}},{"__type__":"cc.Node","_name":"Session end time","_parent":{"__id__":7},"_components":[{"__id__":19}],"_contentSize":{"__type__":"cc.Size","width":120,"height":30},"_anchorPoint":{"__type__":"cc.Vec2","y":1},"_trs":{"__type__":"TypedArray","ctor":"Float64Array","array":[354.201,376.415,0,0,0,0,1,1,1,1]}},{"__type__":"cc.Label","node":{"__id__":18},"_materials":[{"__uuid__":"ecpdLyjvZBwrvm+cedCcQy"}],"_useOriginalSize":false,"_string":"asd","_N$string":"asd","_fontSize":17.5,"_lineHeight":20,"_N$verticalAlign":1,"_N$overflow":2},{"__type__":"cc.Node","_name":"Init","_parent":{"__id__":2},"_children":[{"__id__":21},{"__id__":22},{"__id__":23},{"__id__":26},{"__id__":27}],"_components":[{"__type__":"cc.Widget","node":{"__id__":20},"_alignFlags":45}],"_contentSize":{"__type__":"cc.Size","width":960,"height":800},"_trs":{"__type__":"TypedArray","ctor":"Float64Array","array":[0,0,0,0,0,0,1,1,1,1]}},{"__type__":"cc.Node","_name":"Init Title","_parent":{"__id__":20},"_components":[{"__type__":"cc.Label","node":{"__id__":21},"_materials":[{"__uuid__":"ecpdLyjvZBwrvm+cedCcQy"}],"_useOriginalSize":false,"_string":"Init:","_N$string":"Init:","_fontSize":35,"_lineHeight":50,"_N$verticalAlign":1},{"__type__":"cc.Widget","node":{"__id__":21},"_alignFlags":8,"_left":20}],"_contentSize":{"__type__":"cc.Size","width":56.41,"height":63},"_anchorPoint":{"__type__":"cc.Vec2","y":0.5},"_trs":{"__type__":"TypedArray","ctor":"Float64Array","array":[-460,360.044,0,0,0,0,1,1,1,1]}},{"__type__":"cc.Node","_name":"load contract label","_parent":{"__id__":20},"_components":[{"__type__":"cc.Label","node":{"__id__":22},"_materials":[{"__uuid__":"ecpdLyjvZBwrvm+cedCcQy"}],"_useOriginalSize":false,"_string":"1. Load contracts\n(should be done in \nbackground, player should not see)","_N$string":"1. Load contracts\n(should be done in \nbackground, player should not see)","_fontSize":17.5,"_lineHeight":20,"_N$verticalAlign":1}],"_contentSize":{"__type__":"cc.Size","width":273.37,"height":65.2},"_anchorPoint":{"__type__":"cc.Vec2","y":0.5},"_trs":{"__type__":"TypedArray","ctor":"Float64Array","array":[-461.62,311.044,0,0,0,0,1,1,1,1]}},{"__type__":"cc.Node","_name":"loadContract","_parent":{"__id__":20},"_children":[{"__id__":24}],"_components":[{"__type__":"cc.Sprite","node":{"__id__":23},"_materials":[{"__uuid__":"ecpdLyjvZBwrvm+cedCcQy"}],"_spriteFrame":{"__uuid__":"f0BIwQ8D5Ml7nTNQbh1YlS"},"_type":1,"_sizeMode":0},{"__id__":25}],"_color":{"__type__":"cc.Color","r":92,"g":108,"b":125},"_contentSize":{"__type__":"cc.Size","width":300,"height":50},"_anchorPoint":{"__type__":"cc.Vec2","y":0.5},"_trs":{"__type__":"TypedArray","ctor":"Float64Array","array":[-461.62,246.044,0,0,0,0,1,1,1,1]}},{"__type__":"cc.Node","_name":"Label","_parent":{"__id__":23},"_components":[{"__type__":"cc.Label","node":{"__id__":24},"_materials":[{"__uuid__":"ecpdLyjvZBwrvm+cedCcQy"}],"_useOriginalSize":false,"_string":"Load Contract","_N$string":"Load Contract","_fontSize":20,"_enableWrapText":false,"_N$horizontalAlign":1,"_N$verticalAlign":1,"_N$overflow":1}],"_contentSize":{"__type__":"cc.Size","width":300,"height":50},"_trs":{"__type__":"TypedArray","ctor":"Float64Array","array":[149,0,0,0,0,0,1,1,1,1]}},{"__type__":"cc.Button","node":{"__id__":23},"_N$transition":2,"transition":2,"_N$pressedColor":{"__type__":"cc.Color","r":255,"g":255,"b":255},"pressedColor":{"__type__":"cc.Color","r":255,"g":255,"b":255},"_N$disabledColor":{"__type__":"cc.Color","r":255,"g":255,"b":255},"_N$normalSprite":{"__uuid__":"f0BIwQ8D5Ml7nTNQbh1YlS"},"_N$pressedSprite":{"__uuid__":"e97GVMl6JHh5Ml5qEDdSGa"},"pressedSprite":{"__uuid__":"e97GVMl6JHh5Ml5qEDdSGa"},"_N$hoverSprite":{"__uuid__":"f0BIwQ8D5Ml7nTNQbh1YlS"},"hoverSprite":{"__uuid__":"f0BIwQ8D5Ml7nTNQbh1YlS"},"_N$disabledSprite":{"__uuid__":"29FYIk+N1GYaeWH/q1NxQO"},"_N$target":{"__id__":23}},{"__type__":"cc.Node","_name":"Init game label","_parent":{"__id__":20},"_components":[{"__type__":"cc.Label","node":{"__id__":26},"_materials":[{"__uuid__":"ecpdLyjvZBwrvm+cedCcQy"}],"_useOriginalSize":false,"_string":"2. Fetch inital info to show \n(from server or blockchain)","_N$string":"2. Fetch inital info to show \n(from server or blockchain)","_fontSize":17.5,"_lineHeight":20,"_N$verticalAlign":1}],"_contentSize":{"__type__":"cc.Size","width":208.11,"height":45.2},"_anchorPoint":{"__type__":"cc.Vec2","y":0.5},"_trs":{"__type__":"TypedArray","ctor":"Float64Array","array":[-0.358,311.044,0,0,0,0,1,1,1,1]}},{"__type__":"cc.Node","_name":"Init game","_parent":{"__id__":20},"_children":[{"__id__":28}],"_components":[{"__type__":"cc.Sprite","node":{"__id__":27},"_materials":[{"__uuid__":"ecpdLyjvZBwrvm+cedCcQy"}],"_spriteFrame":{"__uuid__":"f0BIwQ8D5Ml7nTNQbh1YlS"},"_type":1,"_sizeMode":0},{"__id__":29}],"_color":{"__type__":"cc.Color","r":92,"g":108,"b":125},"_contentSize":{"__type__":"cc.Size","width":300,"height":50},"_anchorPoint":{"__type__":"cc.Vec2","y":0.5},"_trs":{"__type__":"TypedArray","ctor":"Float64Array","array":[-0.001,246.044,0,0,0,0,1,1,1,1]}},{"__type__":"cc.Node","_name":"Label","_parent":{"__id__":27},"_components":[{"__type__":"cc.Label","node":{"__id__":28},"_materials":[{"__uuid__":"ecpdLyjvZBwrvm+cedCcQy"}],"_useOriginalSize":false,"_string":"Init game","_N$string":"Init game","_fontSize":20,"_enableWrapText":false,"_N$horizontalAlign":1,"_N$verticalAlign":1,"_N$overflow":1}],"_contentSize":{"__type__":"cc.Size","width":300,"height":50},"_trs":{"__type__":"TypedArray","ctor":"Float64Array","array":[149,0,0,0,0,0,1,1,1,1]}},{"__type__":"cc.Button","node":{"__id__":27},"_N$transition":2,"transition":2,"_N$pressedColor":{"__type__":"cc.Color","r":255,"g":255,"b":255},"pressedColor":{"__type__":"cc.Color","r":255,"g":255,"b":255},"_N$disabledColor":{"__type__":"cc.Color","r":255,"g":255,"b":255},"_N$normalSprite":{"__uuid__":"f0BIwQ8D5Ml7nTNQbh1YlS"},"_N$pressedSprite":{"__uuid__":"e97GVMl6JHh5Ml5qEDdSGa"},"pressedSprite":{"__uuid__":"e97GVMl6JHh5Ml5qEDdSGa"},"_N$hoverSprite":{"__uuid__":"f0BIwQ8D5Ml7nTNQbh1YlS"},"hoverSprite":{"__uuid__":"f0BIwQ8D5Ml7nTNQbh1YlS"},"_N$disabledSprite":{"__uuid__":"29FYIk+N1GYaeWH/q1NxQO"},"_N$target":{"__id__":27}},{"__type__":"cc.Node","_name":"Transfer","_parent":{"__id__":2},"_children":[{"__id__":31},{"__id__":32},{"__id__":33},{"__id__":34},{"__id__":35},{"__id__":38}],"_components":[{"__type__":"cc.Widget","node":{"__id__":30},"_alignFlags":45}],"_contentSize":{"__type__":"cc.Size","width":960,"height":800},"_trs":{"__type__":"TypedArray","ctor":"Float64Array","array":[0,0,0,0,0,0,1,1,1,1]}},{"__type__":"cc.Node","_name":"Divider","_parent":{"__id__":30},"_components":[{"__type__":"cc.Sprite","node":{"__id__":31},"_materials":[{"__uuid__":"ecpdLyjvZBwrvm+cedCcQy"}],"_spriteFrame":{"__uuid__":"9bvaMerUlDyary99mJa6xp"},"_type":1,"_sizeMode":0},{"__type__":"cc.Layout","node":{"__id__":31},"_layoutSize":{"__type__":"cc.Size","width":920,"height":2}},{"__type__":"cc.Widget","node":{"__id__":31},"_alignFlags":40,"_left":20,"_right":20,"_originalWidth":200}],"_contentSize":{"__type__":"cc.Size","width":920,"height":2},"_trs":{"__type__":"TypedArray","ctor":"Float64Array","array":[0,197.673,0,0,0,0,1,1,1,1]}},{"__type__":"cc.Node","_name":"Deposit Title","_parent":{"__id__":30},"_components":[{"__type__":"cc.Label","node":{"__id__":32},"_materials":[{"__uuid__":"ecpdLyjvZBwrvm+cedCcQy"}],"_useOriginalSize":false,"_string":"Minting","_N$string":"Minting","_fontSize":35,"_lineHeight":50,"_N$verticalAlign":1},{"__type__":"cc.Widget","node":{"__id__":32},"_alignFlags":8,"_left":20}],"_contentSize":{"__type__":"cc.Size","width":112.83,"height":63},"_anchorPoint":{"__type__":"cc.Vec2","y":0.5},"_trs":{"__type__":"TypedArray","ctor":"Float64Array","array":[-460,147.359,0,0,0,0,1,1,1,1]}},{"__type__":"cc.Node","_name":"Spend Label","_parent":{"__id__":30},"_components":[{"__type__":"cc.Label","node":{"__id__":33},"_materials":[{"__uuid__":"ecpdLyjvZBwrvm+cedCcQy"}],"_useOriginalSize":false,"_string":"1. allove nft rush to use user cws,\n then spend CWS via nft rush","_N$string":"1. allove nft rush to use user cws,\n then spend CWS via nft rush","_fontSize":17.5,"_lineHeight":20,"_N$verticalAlign":1}],"_contentSize":{"__type__":"cc.Size","width":259.71,"height":45.2},"_anchorPoint":{"__type__":"cc.Vec2","y":0.5},"_trs":{"__type__":"TypedArray","ctor":"Float64Array","array":[-459,97.359,0,0,0,0,1,1,1,1]}},{"__type__":"cc.Node","_name":"Mint Label","_parent":{"__id__":30},"_components":[{"__type__":"cc.Label","node":{"__id__":34},"_materials":[{"__uuid__":"ecpdLyjvZBwrvm+cedCcQy"}],"_useOriginalSize":false,"_string":"2. Get random quality from server.\nThen Mint Token of random quality","_N$string":"2. Get random quality from server.\nThen Mint Token of random quality","_fontSize":17.5,"_lineHeight":20,"_N$verticalAlign":1}],"_contentSize":{"__type__":"cc.Size","width":268.47,"height":45.2},"_anchorPoint":{"__type__":"cc.Vec2","y":0.5},"_trs":{"__type__":"TypedArray","ctor":"Float64Array","array":[0,113.359,0,0,0,0,1,1,1,1]}},{"__type__":"cc.Node","_name":"Spend","_parent":{"__id__":30},"_children":[{"__id__":36}],"_components":[{"__type__":"cc.Sprite","node":{"__id__":35},"_materials":[{"__uuid__":"ecpdLyjvZBwrvm+cedCcQy"}],"_spriteFrame":{"__uuid__":"f0BIwQ8D5Ml7nTNQbh1YlS"},"_type":1,"_sizeMode":0},{"__id__":37}],"_color":{"__type__":"cc.Color","r":92,"g":108,"b":125},"_contentSize":{"__type__":"cc.Size","width":300,"height":50},"_anchorPoint":{"__type__":"cc.Vec2","y":0.5},"_trs":{"__type__":"TypedArray","ctor":"Float64Array","array":[-456.804,47.359,0,0,0,0,1,1,1,1]}},{"__type__":"cc.Node","_name":"Label","_parent":{"__id__":35},"_components":[{"__type__":"cc.Label","node":{"__id__":36},"_materials":[{"__uuid__":"ecpdLyjvZBwrvm+cedCcQy"}],"_useOriginalSize":false,"_string":"Spent 5 CWS","_N$string":"Spent 5 CWS","_fontSize":20,"_enableWrapText":false,"_N$horizontalAlign":1,"_N$verticalAlign":1,"_N$overflow":1}],"_contentSize":{"__type__":"cc.Size","width":300,"height":50},"_trs":{"__type__":"TypedArray","ctor":"Float64Array","array":[149,0,0,0,0,0,1,1,1,1]}},{"__type__":"cc.Button","node":{"__id__":35},"_N$transition":2,"transition":2,"_N$pressedColor":{"__type__":"cc.Color","r":255,"g":255,"b":255},"pressedColor":{"__type__":"cc.Color","r":255,"g":255,"b":255},"_N$disabledColor":{"__type__":"cc.Color","r":255,"g":255,"b":255},"_N$normalSprite":{"__uuid__":"f0BIwQ8D5Ml7nTNQbh1YlS"},"_N$pressedSprite":{"__uuid__":"e97GVMl6JHh5Ml5qEDdSGa"},"pressedSprite":{"__uuid__":"e97GVMl6JHh5Ml5qEDdSGa"},"_N$hoverSprite":{"__uuid__":"f0BIwQ8D5Ml7nTNQbh1YlS"},"hoverSprite":{"__uuid__":"f0BIwQ8D5Ml7nTNQbh1YlS"},"_N$disabledSprite":{"__uuid__":"29FYIk+N1GYaeWH/q1NxQO"},"_N$target":{"__id__":35}},{"__type__":"cc.Node","_name":"Mint","_parent":{"__id__":30},"_children":[{"__id__":39}],"_components":[{"__type__":"cc.Sprite","node":{"__id__":38},"_materials":[{"__uuid__":"ecpdLyjvZBwrvm+cedCcQy"}],"_spriteFrame":{"__uuid__":"f0BIwQ8D5Ml7nTNQbh1YlS"},"_type":1,"_sizeMode":0},{"__id__":40}],"_color":{"__type__":"cc.Color","r":92,"g":108,"b":125},"_contentSize":{"__type__":"cc.Size","width":300,"height":50},"_anchorPoint":{"__type__":"cc.Vec2","y":0.5},"_trs":{"__type__":"TypedArray","ctor":"Float64Array","array":[0,58.359,0,0,0,0,1,1,1,1]}},{"__type__":"cc.Node","_name":"Label","_parent":{"__id__":38},"_components":[{"__type__":"cc.Label","node":{"__id__":39},"_materials":[{"__uuid__":"ecpdLyjvZBwrvm+cedCcQy"}],"_useOriginalSize":false,"_string":"Mint Seascape NFT","_N$string":"Mint Seascape NFT","_fontSize":20,"_enableWrapText":false,"_N$horizontalAlign":1,"_N$verticalAlign":1,"_N$overflow":1}],"_contentSize":{"__type__":"cc.Size","width":300,"height":50},"_trs":{"__type__":"TypedArray","ctor":"Float64Array","array":[149.231,0,0,0,0,0,1,1,1,1]}},{"__type__":"cc.Button","node":{"__id__":38},"_N$transition":2,"transition":2,"_N$pressedColor":{"__type__":"cc.Color","r":255,"g":255,"b":255},"pressedColor":{"__type__":"cc.Color","r":255,"g":255,"b":255},"_N$disabledColor":{"__type__":"cc.Color","r":255,"g":255,"b":255},"_N$normalSprite":{"__uuid__":"f0BIwQ8D5Ml7nTNQbh1YlS"},"_N$pressedSprite":{"__uuid__":"e97GVMl6JHh5Ml5qEDdSGa"},"pressedSprite":{"__uuid__":"e97GVMl6JHh5Ml5qEDdSGa"},"_N$hoverSprite":{"__uuid__":"f0BIwQ8D5Ml7nTNQbh1YlS"},"hoverSprite":{"__uuid__":"f0BIwQ8D5Ml7nTNQbh1YlS"},"_N$disabledSprite":{"__uuid__":"29FYIk+N1GYaeWH/q1NxQO"},"_N$target":{"__id__":38}},{"__type__":"cc.Node","_name":"Leaderboard","_parent":{"__id__":2},"_children":[{"__id__":42},{"__id__":43},{"__id__":44},{"__id__":45},{"__id__":47},{"__id__":49},{"__id__":52},{"__id__":55},{"__id__":56}],"_components":[{"__type__":"cc.Widget","node":{"__id__":41},"_alignFlags":45}],"_contentSize":{"__type__":"cc.Size","width":960,"height":800},"_trs":{"__type__":"TypedArray","ctor":"Float64Array","array":[0,0,0,0,0,0,1,1,1,1]}},{"__type__":"cc.Node","_name":"Divider","_parent":{"__id__":41},"_components":[{"__type__":"cc.Sprite","node":{"__id__":42},"_materials":[{"__uuid__":"ecpdLyjvZBwrvm+cedCcQy"}],"_spriteFrame":{"__uuid__":"9bvaMerUlDyary99mJa6xp"},"_type":1,"_sizeMode":0},{"__type__":"cc.Layout","node":{"__id__":42},"_layoutSize":{"__type__":"cc.Size","width":920,"height":2}},{"__type__":"cc.Widget","node":{"__id__":42},"_alignFlags":40,"_left":20,"_right":20,"_originalWidth":200}],"_contentSize":{"__type__":"cc.Size","width":920,"height":2},"_trs":{"__type__":"TypedArray","ctor":"Float64Array","array":[0,-90,0,0,0,0,1,1,1,1]}},{"__type__":"cc.Node","_name":"Leaderboard title","_parent":{"__id__":41},"_components":[{"__type__":"cc.Label","node":{"__id__":43},"_materials":[{"__uuid__":"ecpdLyjvZBwrvm+cedCcQy"}],"_useOriginalSize":false,"_string":"Leaderboard:","_N$string":"Leaderboard:","_fontSize":35,"_lineHeight":50,"_N$verticalAlign":1},{"__type__":"cc.Widget","node":{"__id__":43},"_alignFlags":8,"_left":20}],"_contentSize":{"__type__":"cc.Size","width":208.22,"height":63},"_anchorPoint":{"__type__":"cc.Vec2","y":0.5},"_trs":{"__type__":"TypedArray","ctor":"Float64Array","array":[-460,-120,0,0,0,0,1,1,1,1]}},{"__type__":"cc.Node","_name":"Daily spent","_parent":{"__id__":41},"_components":[{"__type__":"cc.Label","node":{"__id__":44},"_materials":[{"__uuid__":"ecpdLyjvZBwrvm+cedCcQy"}],"_useOriginalSize":false,"_string":"Spent for today:","_N$string":"Spent for today:","_fontSize":17.5,"_lineHeight":20,"_N$verticalAlign":1}],"_contentSize":{"__type__":"cc.Size","width":123.55,"height":25.2},"_anchorPoint":{"__type__":"cc.Vec2","y":0.5},"_trs":{"__type__":"TypedArray","ctor":"Float64Array","array":[-456.455,-165.043,0,0,0,0,1,1,1,1]}},{"__type__":"cc.Node","_name":"Daily spent board","_parent":{"__id__":41},"_components":[{"__id__":46}],"_contentSize":{"__type__":"cc.Size","width":300,"height":200},"_anchorPoint":{"__type__":"cc.Vec2","y":1},"_trs":{"__type__":"TypedArray","ctor":"Float64Array","array":[-456.455,-181.528,0,0,0,0,1,1,1,1]}},{"__type__":"cc.Label","node":{"__id__":45},"_materials":[{"__uuid__":"ecpdLyjvZBwrvm+cedCcQy"}],"_useOriginalSize":false,"_string":"asdasasdadazxczxcxzczxczczxczxczxczxcxzczxczxczxc\nasda\nsdasd\nasd\nasdasdsadsa\nasdasdasd\nasdasdasd\nadasdsad\nadasda\nadasdas\nasdad\nadad","_N$string":"asdasasdadazxczxcxzczxczczxczxczxczxcxzczxczxczxc\nasda\nsdasd\nasd\nasdasdsadsa\nasdasdasd\nasdasdasd\nadasdsad\nadasda\nadasdas\nasdad\nadad","_fontSize":17.5,"_lineHeight":20,"_enableWrapText":false,"_N$overflow":2},{"__type__":"cc.Node","_name":"Alltime spent board","_parent":{"__id__":41},"_components":[{"__id__":48}],"_contentSize":{"__type__":"cc.Size","width":300,"height":200},"_anchorPoint":{"__type__":"cc.Vec2","y":1},"_trs":{"__type__":"TypedArray","ctor":"Float64Array","array":[-144.525,-181.528,0,0,0,0,1,1,1,1]}},{"__type__":"cc.Label","node":{"__id__":47},"_materials":[{"__uuid__":"ecpdLyjvZBwrvm+cedCcQy"}],"_useOriginalSize":false,"_string":"asdas asd asdasd das adad asd asdsadasdasddasdasaasdasd\nasda\nsdasd\nasd\nasdasdsadsa\nasdasdasd\nasdasdasd\nadasdsad\nadasda\nadasdas\nasdadd asdas dsa dasdadsa\nadad","_N$string":"asdas asd asdasd das adad asd asdsadasdasddasdasaasdasd\nasda\nsdasd\nasd\nasdasdsadsa\nasdasdasd\nasdasdasd\nadasdsad\nadasda\nadasdas\nasdadd asdas dsa dasdadsa\nadad","_fontSize":17.5,"_lineHeight":20,"_enableWrapText":false,"_N$overflow":2},{"__type__":"cc.Node","_name":"Fetch Button","_parent":{"__id__":41},"_children":[{"__id__":50}],"_components":[{"__type__":"cc.Sprite","node":{"__id__":49},"_materials":[{"__uuid__":"ecpdLyjvZBwrvm+cedCcQy"}],"_spriteFrame":{"__uuid__":"f0BIwQ8D5Ml7nTNQbh1YlS"},"_type":1,"_sizeMode":0},{"__id__":51}],"_color":{"__type__":"cc.Color","r":92,"g":108,"b":125},"_contentSize":{"__type__":"cc.Size","width":300,"height":50},"_anchorPoint":{"__type__":"cc.Vec2","y":0.5},"_trs":{"__type__":"TypedArray","ctor":"Float64Array","array":[142.972,-255.287,0,0,0,0,1,1,1,1]}},{"__type__":"cc.Node","_name":"Label","_parent":{"__id__":49},"_components":[{"__type__":"cc.Label","node":{"__id__":50},"_materials":[{"__uuid__":"ecpdLyjvZBwrvm+cedCcQy"}],"_useOriginalSize":false,"_string":"Fetch all data","_N$string":"Fetch all data","_fontSize":20,"_enableWrapText":false,"_N$horizontalAlign":1,"_N$verticalAlign":1,"_N$overflow":1}],"_contentSize":{"__type__":"cc.Size","width":300,"height":50},"_trs":{"__type__":"TypedArray","ctor":"Float64Array","array":[151,0,0,0,0,0,1,1,1,1]}},{"__type__":"cc.Button","node":{"__id__":49},"_N$transition":2,"transition":2,"_N$pressedColor":{"__type__":"cc.Color","r":255,"g":255,"b":255},"pressedColor":{"__type__":"cc.Color","r":255,"g":255,"b":255},"_N$disabledColor":{"__type__":"cc.Color","r":255,"g":255,"b":255},"_N$normalSprite":{"__uuid__":"f0BIwQ8D5Ml7nTNQbh1YlS"},"_N$pressedSprite":{"__uuid__":"e97GVMl6JHh5Ml5qEDdSGa"},"pressedSprite":{"__uuid__":"e97GVMl6JHh5Ml5qEDdSGa"},"_N$hoverSprite":{"__uuid__":"f0BIwQ8D5Ml7nTNQbh1YlS"},"hoverSprite":{"__uuid__":"f0BIwQ8D5Ml7nTNQbh1YlS"},"_N$disabledSprite":{"__uuid__":"29FYIk+N1GYaeWH/q1NxQO"},"_N$target":{"__id__":49}},{"__type__":"cc.Node","_name":"Claim Daily Spent","_parent":{"__id__":41},"_children":[{"__id__":53}],"_components":[{"__type__":"cc.Sprite","node":{"__id__":52},"_materials":[{"__uuid__":"ecpdLyjvZBwrvm+cedCcQy"}],"_spriteFrame":{"__uuid__":"f0BIwQ8D5Ml7nTNQbh1YlS"},"_type":1,"_sizeMode":0},{"__id__":54}],"_color":{"__type__":"cc.Color","r":92,"g":108,"b":125},"_contentSize":{"__type__":"cc.Size","width":300,"height":50},"_anchorPoint":{"__type__":"cc.Vec2","y":0.5},"_trs":{"__type__":"TypedArray","ctor":"Float64Array","array":[142.972,-326.727,0,0,0,0,1,1,1,1]}},{"__type__":"cc.Node","_name":"Label","_parent":{"__id__":52},"_components":[{"__type__":"cc.Label","node":{"__id__":53},"_materials":[{"__uuid__":"ecpdLyjvZBwrvm+cedCcQy"}],"_useOriginalSize":false,"_string":"Claim Daily Spent","_N$string":"Claim Daily Spent","_fontSize":20,"_enableWrapText":false,"_N$horizontalAlign":1,"_N$verticalAlign":1,"_N$overflow":1}],"_contentSize":{"__type__":"cc.Size","width":300,"height":50},"_trs":{"__type__":"TypedArray","ctor":"Float64Array","array":[151,0,0,0,0,0,1,1,1,1]}},{"__type__":"cc.Button","node":{"__id__":52},"_N$transition":2,"transition":2,"_N$pressedColor":{"__type__":"cc.Color","r":255,"g":255,"b":255},"pressedColor":{"__type__":"cc.Color","r":255,"g":255,"b":255},"_N$disabledColor":{"__type__":"cc.Color","r":255,"g":255,"b":255},"_N$normalSprite":{"__uuid__":"f0BIwQ8D5Ml7nTNQbh1YlS"},"_N$pressedSprite":{"__uuid__":"e97GVMl6JHh5Ml5qEDdSGa"},"pressedSprite":{"__uuid__":"e97GVMl6JHh5Ml5qEDdSGa"},"_N$hoverSprite":{"__uuid__":"f0BIwQ8D5Ml7nTNQbh1YlS"},"hoverSprite":{"__uuid__":"f0BIwQ8D5Ml7nTNQbh1YlS"},"_N$disabledSprite":{"__uuid__":"29FYIk+N1GYaeWH/q1NxQO"},"_N$target":{"__id__":52}},{"__type__":"cc.Node","_name":"All time spent","_parent":{"__id__":41},"_components":[{"__type__":"cc.Label","node":{"__id__":55},"_materials":[{"__uuid__":"ecpdLyjvZBwrvm+cedCcQy"}],"_useOriginalSize":false,"_string":"All-time spent:","_N$string":"All-time spent:","_fontSize":17.5,"_lineHeight":20,"_N$verticalAlign":1}],"_contentSize":{"__type__":"cc.Size","width":110.87,"height":25.2},"_anchorPoint":{"__type__":"cc.Vec2","y":0.5},"_trs":{"__type__":"TypedArray","ctor":"Float64Array","array":[-145.66,-165.547,0,0,0,0,1,1,1,1]}},{"__type__":"cc.Node","_name":"other leaderboards","_parent":{"__id__":41},"_components":[{"__type__":"cc.Label","node":{"__id__":56},"_materials":[{"__uuid__":"ecpdLyjvZBwrvm+cedCcQy"}],"_useOriginalSize":false,"_string":"Minted tokens,\nand all time minted tokens are \nsame, as spent leaderboards.\n\nJust rename \"spent\" with \"minted\"","_N$string":"Minted tokens,\nand all time minted tokens are \nsame, as spent leaderboards.\n\nJust rename \"spent\" with \"minted\"","_fontSize":17.5,"_lineHeight":20,"_N$verticalAlign":1}],"_contentSize":{"__type__":"cc.Size","width":262.18,"height":105.2},"_anchorPoint":{"__type__":"cc.Vec2","y":1},"_trs":{"__type__":"TypedArray","ctor":"Float64Array","array":[143.125,-102.135,0,0,0,0,1,1,1,1]}},{"__type__":"cc.Node","_name":"Wait","_parent":{"__id__":2},"_children":[{"__id__":58}],"_active":false,"_components":[{"__type__":"cc.Sprite","node":{"__id__":57},"_spriteFrame":{"__uuid__":"9bvaMerUlDyary99mJa6xp"},"_type":1,"_sizeMode":0},{"__type__":"cc.Layout","node":{"__id__":57},"_layoutSize":{"__type__":"cc.Size","width":950,"height":630}},{"__type__":"cc.Widget","node":{"__id__":57},"_alignFlags":45,"_left":5,"_right":5,"_top":5,"_bottom":5,"_originalWidth":200,"_originalHeight":150}],"_opacity":138,"_color":{"__type__":"cc.Color","r":39,"g":31,"b":31},"_contentSize":{"__type__":"cc.Size","width":950,"height":630},"_trs":{"__type__":"TypedArray","ctor":"Float64Array","array":[0,0,0,0,0,0,1,1,1,1]}},{"__type__":"cc.Node","_name":"Please wait...","_parent":{"__id__":57},"_components":[{"__type__":"cc.Label","node":{"__id__":58},"_useOriginalSize":false,"_string":"Please wait...","_N$string":"Please wait...","_N$horizontalAlign":1,"_N$verticalAlign":1}],"_contentSize":{"__type__":"cc.Size","width":237.89,"height":40},"_trs":{"__type__":"TypedArray","ctor":"Float64Array","array":[0,0,0,0,0,0,1,1,1,1]}}],{"__type__":"cc.SpriteFrame","content":{"name":"default_btn_disabled","texture":"71VhFCTINJM6/Ky3oX9nBT","rect":[0,0,40,40],"offset":[0,0],"originalSize":[40,40],"capInsets":[12,12,12,12]}},{"__type__":"cc.SpriteFrame","content":{"name":"default_panel","texture":"d8HsitJHxOYqo801xBk8ev","rect":[0,0,20,20],"offset":[0,0],"originalSize":[20,20],"capInsets":[6,6,6,6]}},{"__type__":"cc.SpriteFrame","content":{"name":"default_btn_pressed","texture":"b4P/PCArtIdIH38t6mlw8Y","rect":[0,0,40,40],"offset":[0,0],"originalSize":[40,40],"capInsets":[12,12,12,12]}},{"__type__":"cc.SpriteFrame","content":{"name":"default_btn_normal","texture":"e8Ueib+qJEhL6mXAHdnwbi","rect":[0,0,40,40],"offset":[0,0],"originalSize":[40,40],"capInsets":[12,12,12,12]}}]